Date,SPY,IEF,GLD,BIL
1871-01-31,1.0,,,
1871-02-28,1.0183933933933933,,,
1871-03-31,1.0481908297186076,,,
1871-04-30,1.082675777478692,,,
1871-05-31,1.115034230743702,,,
1871-06-30,1.1108279973629815,,,
1871-07-31,1.0950797442883335,,,
1871-08-31,1.1139870407894357,,,
1871-09-30,1.130654209458171,,,
1871-10-31,1.0773141176207848,,,
1871-11-30,1.094134926283709,,,
1871-12-31,1.1228245274398552,,,
1872-01-31,1.156448068536696,,,
1872-02-29,1.1664956034531488,,,
1872-03-31,1.2101196705904849,,,
1872-04-30,1.2492024541977005,,,
1872-05-31,1.2547631736165628,,,
1872-06-30,1.2483036463392576,,,
1872-07-31,1.246748336240586,,,
1872-08-31,1.2379212765331835,,,
1872-09-30,1.2217513392239705,,,
1872-10-31,1.2327203626113128,,,
1872-11-30,1.233892315068725,,,
1872-12-31,1.270036635409122,,,
1873-01-31,1.286371343943107,,,
1873-02-28,1.30283907885823,,,
1873-03-31,1.299202513468213,,,
1873-04-30,1.287973267999554,,,
1873-05-31,1.2971837249838434,,,
1873-06-30,1.2859457471683895,,,
1873-07-31,1.2901956515369597,,,
1873-08-31,1.297118230485515,,,
1873-09-30,1.2049562837772256,,,
1873-10-31,1.1070590548392614,,,
1873-11-30,1.0746377251206691,,,
1873-12-31,1.1830324956619247,,,
1874-01-31,1.2546300505464416,,,
1874-02-28,1.2997267315478425,,,
1874-03-31,1.2882187344455962,,,
1874-04-30,1.2603027893545444,,,
1874-05-31,1.2349597441338285,,,
1874-06-30,1.2370271990626234,,,
1874-07-31,1.2446546089223145,,,
1874-08-31,1.255119754176706,,,
1874-09-30,1.282496527338279,,,
1874-10-31,1.2874400712211906,,,
1874-11-30,1.3066237808917052,,,
1874-12-31,1.3059089976417644,,,
1875-01-31,1.3137593132938876,,,
1875-02-28,1.318702790886128,,,
1875-03-31,1.3439924829298877,,,
1875-04-30,1.3693692473134589,,,
1875-05-31,1.3241530674178483,,,
1875-06-30,1.305268334073802,,,
1875-07-31,1.3160089838928073,,,
1875-08-31,1.329748637293359,,,
1875-09-30,1.3254141391842675,,,
1875-10-31,1.311892084179241,,,
1875-11-30,1.3409393071671245,,,
1875-12-31,1.3486105846680807,,,
1876-01-31,1.3841003368961882,,,
1876-02-29,1.4104789307608017,,,
1876-03-31,1.4151597236726188,,,
1876-04-30,1.3696612403172908,,,
1876-05-31,1.3270565703995871,,,
1876-06-30,1.3254691821574829,,,
1876-07-31,1.3174844280481002,,,
1876-08-31,1.2708904665683505,,,
1876-09-30,1.2013633799749166,,,
1876-10-31,1.2029912436334191,,,
1876-11-30,1.1882406698014016,,,
1876-12-31,1.1898910040650146,,,
1877-01-31,1.187974326749342,,,
1877-02-28,1.125555478496688,,,
1877-03-31,1.0759192682111869,,,
1877-04-30,1.0053028739697862,,,
1877-05-31,1.0125462977385824,,,
1877-06-30,0.9472531336979,,,
1877-07-31,0.9957087747678312,,,
1877-08-31,1.072183284670833,,,
1877-09-30,1.1453466112682489,,,
1877-10-31,1.1762279603575618,,,
1877-11-30,1.1643590739902074,,,
1877-12-31,1.1664425385909056,,,
1878-01-31,1.1721012803422235,,,
1878-02-28,1.1525151674089151,,,
1878-03-31,1.1799236452502042,,,
1878-04-30,1.2183652419950195,,,
1878-05-31,1.2276889679960727,,,
1878-06-30,1.2590857043283077,,,
1878-07-31,1.2905997702709533,,,
1878-08-31,1.2851388272774935,,,
1878-09-30,1.3168792729511951,,,
1878-10-31,1.3075794366083602,,,
1878-11-30,1.309483192109936,,,
1878-12-31,1.3075963287207286,,,
1879-01-31,1.3626069694389145,,,
1879-02-28,1.417901027395685,,,
1879-03-31,1.4008620101077989,,,
1879-04-30,1.4528890017023732,,,
1879-05-31,1.5244511715187614,,,
1879-06-30,1.5383156809044016,,,
1879-07-31,1.5755984706707653,,,
1879-08-31,1.5935807032166016,,,
1879-09-30,1.6586747552828816,,,
1879-10-31,1.8459209237964211,,,
1879-11-30,1.9510457259790792,,,
1879-12-31,1.953684056913466,,,
1880-01-31,2.0359148306504236,,,
1880-02-29,2.0787447414713474,,,
1880-03-31,2.125882943541571,,,
1880-04-30,2.085103427957912,,,
1880-05-31,1.927613714408002,,,
1880-06-30,1.9434414300923448,,,
1880-07-31,2.0406473123386126,,,
1880-08-31,2.122110278899036,,,
1880-09-30,2.1263694918865497,,,
1880-10-31,2.1964958988744425,,,
1880-11-30,2.320641187717956,,,
1880-12-31,2.4247460062994803,,,
1881-01-31,2.579233605017049,,,
1881-02-28,2.58027529871859,,,
1881-03-31,2.6191327670880016,,,
1881-04-30,2.6205318764721297,,,
1881-05-31,2.748503991822356,,,
1881-06-30,2.792550530152843,,,
1881-07-31,2.705371742705695,,,
1881-08-31,2.6521163934398353,,,
1881-09-30,2.684376680214876,,,
1881-10-31,2.6525220769429927,,,
1881-11-30,2.6810959936255085,,,
1881-12-31,2.614682199491543,,,
1882-01-31,2.5871286987758806,,,
1882-02-28,2.541970483876076,,,
1882-03-31,2.549287612499784,,,
1882-04-30,2.561049031703935,,,
1882-05-31,2.541848548767285,,,
1882-06-30,2.5403646908870936,,,
1882-07-31,2.6954104231947564,,,
1882-08-31,2.7882523377714645,,,
1882-09-30,2.827354042616156,,,
1882-10-31,2.7624094786030713,,,
1882-11-30,2.656221305345402,,,
1882-12-31,2.6821282257073475,,,
1883-01-31,2.68062794850347,,,
1883-02-28,2.633017197088785,,,
1883-03-31,2.677924510639485,,,
1883-04-30,2.7463590655613777,,,
1883-05-31,2.712212823800749,,,
1883-06-30,2.7484461695837608,,,
1883-07-31,2.7187657844019153,,,
1883-08-31,2.6083188899055525,,,
1883-09-30,2.6499431135066507,,,
1883-10-31,2.591173956180735,,,
1883-11-30,2.642917163496538,,,
1883-12-31,2.598142467961111,,,
1884-01-31,2.5336065227948543,,,
1884-02-29,2.615398482403806,,,
1884-03-31,2.6188807642177836,,,
1884-04-30,2.5136025810436387,,,
1884-05-31,2.3232485173345983,,,
1884-06-30,2.241643372281268,,,
1884-07-31,2.2549751190188823,,,
1884-08-31,2.4098866851641874,,,
1884-09-30,2.3469703397445527,,,
1884-10-31,2.283621741267824,,,
1884-11-30,2.250691812892897,,,
1884-12-31,2.258883986158216,,,
1885-01-31,2.220030140635933,,,
1885-02-28,2.3011127273172174,,,
1885-03-31,2.3192135854411373,,,
1885-04-30,2.32656923431277,,,
1885-05-31,2.312407508538693,,,
1885-06-30,2.3139687404599663,,,
1885-07-31,2.412142003378861,,,
1885-08-31,2.5592186663016236,,,
1885-09-30,2.5382767230396897,,,
1885-10-31,2.69711007131635,,,
1885-11-30,2.883760686651451,,,
1885-12-31,2.872753966473391,,,
1886-01-31,2.8837247560601003,,,
1886-02-28,2.9501197457561186,,,
1886-03-31,2.899791445062009,,,
1886-04-30,2.871543155567482,,,
1886-05-31,2.826287373706544,,,
1886-06-30,2.9665695657281677,,,
1886-07-31,3.0225247183464976,,,
1886-08-31,3.055920875608153,,,
1886-09-30,3.146261180822826,,,
1886-10-31,3.236828012423856,,,
1886-11-30,3.327616741497992,,,
1886-12-31,3.2519455490459652,,,
1887-01-31,3.228041250720753,,,
1887-02-28,3.2157480828752667,,,
1887-03-31,3.3022124285151513,,,
1887-04-30,3.389087211687434,,,
1887-05-31,3.458841054083156,,,
1887-06-30,3.370660148678918,,,
1887-07-31,3.299947855711068,,,
1887-08-31,3.229108187967718,,,
1887-09-30,3.1996067790638847,,,
1887-10-31,3.104698988142148,,,
1887-11-30,3.17671904880458,,,
1887-12-31,3.171224723405704,,,
1888-01-31,3.2077459594281006,,,
1888-02-29,3.2020422931191996,,,
1888-03-31,3.09313444681756,,,
1888-04-30,3.1176572794643267,,,
1888-05-31,3.1727613624577344,,,
1888-06-30,3.086845194035281,,,
1888-07-31,3.1791784227850086,,,
1888-08-31,3.2594155669281575,,,
1888-09-30,3.3522830422080947,,,
1888-10-31,3.345704134812683,,,
1888-11-30,3.288988717212735,,,
1888-12-31,3.2382520910089125,,,
1889-01-31,3.3132862980204227,,,
1889-02-28,3.363254322772534,,,
1889-03-31,3.3054814399481787,,,
1889-04-30,3.3111444918049937,,,
1889-05-31,3.4126628182606247,,,
1889-06-30,3.482423547863226,,,
1889-07-31,3.423642899006964,,,
1889-08-31,3.480881255838947,,,
1889-09-30,3.577167271334492,,,
1889-10-31,3.5241438964625744,,,
1889-11-30,3.503521128475867,,,
1889-12-31,3.4958810512486616,,,
1890-01-31,3.5473554902864706,,,
1890-02-28,3.5198821670965197,,,
1890-03-31,3.505546807393433,,,
1890-04-30,3.5907510700731335,,,
1890-05-31,3.7561876530789777,,,
1890-06-30,3.741706502577783,,,
1890-07-31,3.7271777736251215,,,
1890-08-31,3.652051145817395,,,
1890-09-30,3.603672156516672,,,
1890-10-31,3.453519149995143,,,
1890-11-30,3.2144467941391808,,,
1890-12-31,3.151886789299246,,,
1891-01-31,3.328894924205545,,,
1891-02-28,3.38277166712485,,,
1891-03-31,3.333295754986629,,,
1891-04-30,3.4568794853343663,,,
1891-05-31,3.4557202366806665,,,
1891-06-30,3.3987066704862716,,,
1891-07-31,3.355492874332323,,,
1891-08-31,3.4809428175725605,,,
1891-09-30,3.7763169376573185,,,
1891-10-31,3.789306145385346,,,
1891-11-30,3.7454648922961473,,,
1891-12-31,3.872691794986842,,,
1892-01-31,3.957500881938979,,,
1892-02-29,3.978048523390425,,,
1892-03-31,4.034800574335533,,,
1892-04-30,4.0412299832555085,,,
1892-05-31,4.055033286744097,,,
1892-06-30,4.047146477538879,,,
1892-07-31,4.061251830108761,,,
1892-08-31,4.13415032302195,,,
1892-09-30,4.04557014483739,,,
1892-10-31,4.141338682618234,,,
1892-11-30,4.141233729193064,,,
1892-12-31,4.111494169198858,,,
1893-01-31,4.201086437785999,,,
1893-02-28,4.141283984825061,,,
1893-03-31,4.006153612815683,,,
1893-04-30,4.021450178634861,,,
1893-05-31,3.6809143833762614,,,
1893-06-30,3.521522171355062,,,
1893-07-31,3.2086974379047173,,,
1893-08-31,3.147715554580265,,,
1893-09-30,3.387362403634553,,,
1893-10-31,3.5041695629498153,,,
1893-11-30,3.5748499608750928,,,
1893-12-31,3.4659878267638344,,,
1894-01-31,3.4114109625151143,,,
1894-02-28,3.474802401176202,,,
1894-03-31,3.5938024834082634,,,
1894-04-30,3.657331508461418,,,
1894-05-31,3.5368409753407533,,,
1894-06-30,3.504018019319598,,,
1894-07-31,3.446606756341768,,,
1894-08-31,3.5914520947901463,,,
1894-09-30,3.663389721783298,,,
1894-10-31,3.563675469925308,,,
1894-11-30,3.578270938007779,,,
1894-12-31,3.559719994204743,,,
1895-01-31,3.53269785618672,,,
1895-02-28,3.497142291292982,,,
1895-03-31,3.5114007274448324,,,
1895-04-30,3.676446338804625,,,
1895-05-31,3.892497152730907,,,
1895-06-30,3.982562162772404,,,
1895-07-31,4.013511754899055,,,
1895-08-31,4.086972341698204,,,
1895-09-30,4.126434235394142,,,
1895-10-31,4.080297219141905,,,
1895-11-30,3.956578312407818,,,
1895-12-31,3.737486739189884,,,
1896-01-31,3.7078694638723833,,,
1896-02-29,3.877799008408128,,,
1896-03-31,3.83041579018741,,,
1896-04-30,3.879002894588436,,,
1896-05-31,3.8750390567889137,,,
1896-06-30,3.818161116087941,,,
1896-07-31,3.5842545560479695,,,
1896-08-31,3.3937523135857415,,,
1896-09-30,3.585448843547141,,,
1896-10-31,3.67945883535727,,,
1896-11-30,3.944260214305096,,,
1896-12-31,3.813685389858922,,,
1897-01-31,3.8272411436143448,,,
1897-02-28,3.804567914090563,,,
1897-03-31,3.827322506878186,,,
1897-04-30,3.722276662417329,,,
1897-05-31,3.754365254334719,,,
1897-06-30,3.9430037046137913,,,
1897-07-31,4.132304819238107,,,
1897-08-31,4.414895171226363,,,
1897-09-30,4.642610816900144,,,
1897-10-31,4.5074343975325695,,,
1897-11-30,4.3624857810144055,,,
1897-12-31,4.4703752143083095,,,
1898-01-31,4.606972626777797,,,
1898-02-28,4.6119524998528485,,,
1898-03-31,4.418209457636238,,,
1898-04-30,4.356980042338924,,,
1898-05-31,4.657956473673581,,,
1898-06-30,4.854827666178264,,,
1898-07-31,4.889343955761419,,,
1898-08-31,5.0877168954888585,,,
1898-09-30,5.0937507153364505,,,
1898-10-31,5.003100997679014,,,
1898-11-30,5.1843055440075725,,,
1898-12-31,5.5221299654216,,,
1899-01-31,5.958752890475171,,,
1899-02-28,6.200639382192829,,,
1899-03-31,6.305662097560795,,,
1899-04-30,6.401174815244291,,,
1899-05-31,6.151268867403259,,,
1899-06-30,6.029514686251625,,,
1899-07-31,6.255149655111931,,,
1899-08-31,6.431673364925182,,,
1899-09-30,6.379033181134871,,,
1899-10-31,6.366373587550646,,,
1899-11-30,6.504378625939033,,,
1899-12-31,6.078976153886519,,,
1900-01-31,6.178062455398165,,,
1900-02-28,6.308460085092021,,,
1900-03-31,6.3789350316948,,,
1900-04-30,6.480834952328903,,,
1900-05-31,6.195253995734757,,,
1900-06-30,6.032423437485934,,,
1900-07-31,6.054942082997027,,,
1900-08-31,6.160851906121121,,,
1900-09-30,6.039631440375682,,,
1900-10-31,6.2830390005804775,,,
1900-11-30,6.799873843494284,,,
1900-12-31,7.235359591187205,,,
1901-01-31,7.472474717430661,,,
1901-02-28,7.689435431379823,,,
1901-03-31,7.992151711293339,,,
1901-04-30,8.68979773733896,,,
1901-05-31,8.279532174017032,,,
1901-06-30,9.13194196554207,,,
1901-07-31,8.547470821094537,,,
1901-08-31,8.694177253335958,,,
1901-09-30,8.679308480048226,,,
1901-10-31,8.61029893668551,,,
1901-11-30,8.824222956727496,,,
1901-12-31,8.711371920564728,,,
1902-01-31,8.926946415638827,,,
1902-02-28,9.033375332418872,,,
1902-03-31,9.07404758093938,,,
1902-04-30,9.413706518488912,,,
1902-05-31,9.42149576857595,,,
1902-06-30,9.395974577319464,,,
1902-07-31,9.638582886411609,,,
1902-08-31,9.926871779778724,,,
1902-09-30,9.980038066443734,,,
1902-10-31,9.695137111584629,,,
1902-11-30,9.352847109399274,,,
1902-12-31,9.168400792011242,,,
1903-01-31,9.666844792419166,,,
1903-02-28,9.641449328410712,,,
1903-03-31,9.295132901384465,,,
1903-04-30,8.94778291126909,,,
1903-05-31,8.807148779211003,,,
1903-06-30,8.353271594317453,,,
1903-07-31,8.002474906646622,,,
1903-08-31,7.778882642436217,,,
1903-09-30,7.624888924967174,,,
1903-10-31,7.411452924186248,,,
1903-11-30,7.469495492813762,,,
1903-12-31,7.849115553024441,,,
1904-01-31,8.015048085904017,,,
1904-02-29,7.8333996595359805,,,
1904-03-31,7.843442479612309,,,
1904-04-30,8.071069751265357,,,
1904-05-31,7.934657732765998,,,
1904-06-30,7.980434604301186,,,
1904-07-31,8.344794769472218,,,
1904-08-31,8.66103746505621,,,
1904-09-30,9.07699789490437,,,
1904-10-31,9.642935900038966,,,
1904-11-30,10.198006101691425,,,
1904-12-31,10.330110015901418,,,
1905-01-31,10.588018429298424,,,
1905-02-28,11.085527602884667,,,
1905-03-31,11.43352498928204,,,
1905-04-30,11.32789648447774,,,
1905-05-31,10.803981272070644,,,
1905-06-30,10.964981777301505,,,
1905-07-31,11.343411773388857,,,
1905-08-31,11.799887117704492,,,
1905-09-30,11.873101997012716,,,
1905-10-31,12.075349934334524,,,
1905-11-30,12.046139886460963,,,
1905-12-31,12.379317224888856,,,
1906-01-31,12.843844399370663,,,
1906-02-28,12.789807860496923,,,
1906-03-31,12.514381088331035,,,
1906-04-30,12.382746642207524,,,
1906-05-31,12.093772116467498,,,
1906-06-30,12.291931690452827,,,
1906-07-31,12.01556148438039,,,
1906-08-31,12.945761781893124,,,
1906-09-30,13.387321359628556,,,
1906-10-31,13.030092545980176,,,
1906-11-30,13.341917525356484,,,
1906-12-31,13.265780365930146,,,
1907-01-31,12.93360783198752,,,
1907-02-28,12.573593101427148,,,
1907-03-31,11.384352069245727,,,
1907-04-30,11.485845499419952,,,
1907-05-31,11.13637598692121,,,
1907-06-30,10.827032209506736,,,
1907-07-31,11.290046651348876,,,
1907-08-31,10.493305470127098,,,
1907-09-30,10.431757751012809,,,
1907-10-31,9.348126825886064,,,
1907-11-30,8.85029918331224,,,
1907-12-31,9.355356256706592,,,
1908-01-31,9.80588239952544,,,
1908-02-29,9.49969312513539,,,
1908-03-31,9.939893551514771,,,
1908-04-30,10.526677636269222,,,
1908-05-31,11.145010900325076,,,
1908-06-30,11.210741633026862,,,
1908-07-31,11.672561091201516,,,
1908-08-31,12.224416296915908,,,
1908-09-30,12.14178555721722,,,
1908-10-31,12.340767675279045,,,
1908-11-30,13.226569674284638,,,
1908-12-31,13.576082651710053,,,
1909-01-31,13.67171410139675,,,
1909-02-28,13.330512281388293,,,
1909-03-31,13.564048718136094,,,
1909-04-30,14.224675167895612,,,
1909-05-31,14.7508126300472,,,
1909-06-30,15.064822660074164,,,
1909-07-31,15.334260087803194,,,
1909-08-31,15.759358996525016,,,
1909-09-30,15.830312233657372,,,
1909-10-31,15.94854762916767,,,
1909-11-30,15.92733226725953,,,
1909-12-31,16.17244838270197,,,
1910-01-31,15.884916381723103,,,
1910-02-28,15.3760369920143,,,
1910-03-31,15.81468379492006,,,
1910-04-30,15.493150314149846,,,
1910-05-31,15.298224061697727,,,
1910-06-30,14.622792533869108,,,
1910-07-31,13.944881478899216,,,
1910-08-31,14.34568922202344,,,
1910-09-30,14.505423473483356,,,
1910-10-31,15.235985626538987,,,
1910-11-30,15.283325621220875,,,
1910-12-31,14.920804918605093,,,
1911-01-31,15.348095004211553,,,
1911-02-28,15.677850011943177,,,
1911-03-31,15.560086027229923,,,
1911-04-30,15.558694746290431,,,
1911-05-31,15.959677629927768,,,
1911-06-30,16.34548207333759,,,
1911-07-31,16.34407346578215,,,
1911-08-31,15.629833495185055,,,
1911-09-30,14.8443647635568,,,
1911-10-31,14.99703172142883,,,
1911-11-30,15.666337322910792,,,
1911-12-31,15.803079517478643,,,
1912-01-31,15.888484378244527,,,
1912-02-29,15.81759305037632,,,
1912-03-31,16.3414195901392,,,
1912-04-30,16.920295343416058,,,
1912-05-31,16.97237362470419,,,
1912-06-30,17.04250129930174,,,
1912-07-31,17.13082699758048,,,
1912-08-31,17.594779452423715,,,
1912-09-30,17.755825790004298,,,
1912-10-31,17.791586551378185,,,
1912-11-30,17.664899847682396,,,
1912-12-31,17.102092144416048,,,
1913-01-31,17.02916211394945,,,
1913-02-28,16.498145230826296,,,
1913-03-31,16.259041676756347,,,
1913-04-30,16.3144702279271,,,
1913-05-31,15.94326498952148,,,
1913-06-30,15.216028340876637,,,
1913-07-31,15.49711260825736,,,
1913-08-31,15.98669332249149,,,
1913-09-30,16.21372328683456,,,
1913-10-31,15.776542002429878,,,
1913-11-30,15.451843196084468,,,
1913-12-31,15.509427704889749,,,
1914-01-31,16.222366260768542,,,
1914-02-28,16.511474540405896,,,
1914-03-31,16.275387713987946,,,
1914-04-30,15.95913919470573,,,
1914-05-31,16.131931598753496,,,
1914-06-30,16.12699526717493,,,
1914-07-31,15.30791714551798,,,
1914-08-31,15.381001819389814,,,
1914-09-30,15.45360094907118,,,
1914-10-31,15.525704338916022,,,
1914-11-30,15.597301825287976,,,
1914-12-31,14.998186716113503,,,
1915-01-31,15.335016741592842,,,
1915-02-28,15.202048342194647,,,
1915-03-31,15.665954571245926,,,
1915-04-30,16.918558356333232,,,
1915-05-31,16.597126532032625,,,
1915-06-30,16.858957511390162,,,
1915-07-31,16.87045543224681,,,
1915-08-31,17.661446708739803,,,
1915-09-30,18.392493118165937,,,
1915-10-31,19.48774201311538,,,
1915-11-30,20.24628566922764,,,
1915-12-31,20.365780131863144,,,
1916-01-31,20.122450592875555,,,
1916-02-29,19.923257023814426,,,
1916-03-31,19.94175461298962,,,
1916-04-30,19.8100600194122,,,
1916-05-31,20.335015689276116,,,
1916-06-30,20.62293055542687,,,
1916-07-31,20.42937025101509,,,
1916-08-31,20.679609747399635,,,
1916-09-30,21.62232941218365,,,
1916-10-31,22.392643511756994,,,
1916-11-30,23.011395481605913,,,
1916-12-31,22.19251134595621,,,
1917-01-31,21.779383405152064,,,
1917-02-28,20.66077197064659,,,
1917-03-31,21.41438678435996,,,
1917-04-30,21.208005919244307,,,
1917-05-31,20.60942517784128,,,
1917-06-30,21.14927891298319,,,
1917-07-31,20.688354086231023,,,
1917-08-31,20.20325258678587,,,
1917-09-30,19.36194383188967,,,
1917-10-31,18.44556989542081,,,
1917-11-30,17.0443790781046,,,
1917-12-31,16.602532603423622,,,
1918-01-31,17.74192209581544,,,
1918-02-28,18.42067570350325,,,
1918-03-31,18.18514889437366,,,
1918-04-30,18.14559786083507,,,
1918-05-31,18.858670361145283,,,
1918-06-30,19.017093331248983,,,
1918-07-31,19.30213701205294,,,
1918-08-31,19.612701799752415,,,
1918-09-30,19.638576076533088,,,
1918-10-31,20.60010229248182,,,
1918-11-30,21.250953700789665,,,
1918-12-31,20.954336791194276,,,
1919-01-31,20.946976248840404,,,
1919-02-28,21.152287747466247,,,
1919-03-31,21.921787217128724,,,
1919-04-30,22.775958497170524,,,
1919-05-31,24.475626842192288,,,
1919-06-30,25.25555437906259,,,
1919-07-31,26.20314040280181,,,
1919-08-31,24.564479763889477,,,
1919-09-30,25.07681671499653,,,
1919-10-31,26.48157768241902,,,
1919-11-30,25.82287057545937,,,
1919-12-31,25.18830420567795,,,
1920-01-31,25.058479958384673,,,
1920-02-29,23.11138687569905,,,
1920-03-31,24.862573751620072,,,
1920-04-30,24.786891541824435,,,
1920-05-31,23.355808829870444,,,
1920-06-30,23.075693670206984,,,
1920-07-31,23.17240083338926,,,
1920-08-31,22.39039333665943,,,
1920-09-30,23.31227850090456,,,
1920-10-31,23.468607026684133,,,
1920-11-30,22.404304705274132,,,
1920-12-31,20.52479919691056,,,
1921-01-31,21.556012125724507,,,
1921-02-28,21.531176729663105,,,
1921-03-31,21.108660425212385,,,
1921-04-30,21.326829271394967,,,
1921-05-31,22.10078844461592,,,
1921-06-30,20.456938835936914,,,
1921-07-31,20.519610984431743,,,
1921-08-31,20.393052434294223,,,
1921-09-30,21.023419074462815,,,
1921-10-31,21.43378921759179,,,
1921-11-30,22.70920631180576,,,
1921-12-31,23.63665973294419,,,
1922-01-31,23.729406407363697,,,
1922-02-28,24.376357792326104,,,
1922-03-31,25.419950187758296,,,
1922-04-30,27.09400498226154,,,
1922-05-31,28.282269057853856,,,
1922-06-30,28.151025624847993,,,
1922-07-31,28.48672799354194,,,
1922-08-31,29.69551704969564,,,
1922-09-30,30.608438404823836,,,
1922-10-31,31.425367265376423,,,
1922-11-30,30.007323020037596,,,
1922-12-31,30.084046289122917,,,
1923-01-31,30.64132640626871,,,
1923-02-28,32.09687548170807,,,
1923-03-31,32.764119256314345,,,
1923-04-30,31.767153085977935,,,
1923-05-31,30.416845444227175,,,
1923-06-30,29.411136598320393,,,
1923-07-31,28.577027595452563,,,
1923-08-31,28.873464028315645,,,
1923-09-30,29.207647639754484,,,
1923-10-31,28.934893605098168,,,
1923-11-30,29.95833484497214,,,
1923-12-31,31.132638780350437,,,
1924-01-31,32.313524651125185,,,
1924-02-29,32.62254026578151,,,
1924-03-31,32.161276426059594,,,
1924-04-30,31.587271575823227,,,
1924-05-31,31.642487365254304,,,
1924-06-30,32.40833269109576,,,
1924-07-31,34.07997802458384,,,
1924-08-31,35.42081569819226,,,
1924-09-30,35.25173882097479,,,
1924-10-31,34.968041719274105,,,
1924-11-30,37.09634942826128,,,
1924-12-31,39.27377173650725,,,
1925-01-31,41.075816797599515,,,
1925-02-28,41.60586177758934,,,
1925-03-31,40.69683023804853,,,
1925-04-30,40.45094539510401,,,
1925-05-31,41.93663884027374,,,
1925-06-30,42.87701822991387,,,
1925-07-31,44.259669731352574,,,
1925-08-31,45.05159218533706,,,
1925-09-30,46.28884239294548,,,
1925-10-31,48.0153572304472,,,
1925-11-30,49.71002877474974,,,
1925-12-31,50.72369167798689,,,
1926-01-31,51.703257352948015,,,
1926-02-28,51.994471351872726,,,
1926-03-31,48.67813100765551,,,
1926-04-30,47.53433919100654,,,
1926-05-31,48.08555947888134,,,
1926-06-30,50.596948452529666,,,
1926-07-31,52.954970977954645,,,
1926-08-31,55.283814788791794,,,
1926-09-30,56.3609432305132,,,
1926-10-31,55.32956335720707,,,
1926-11-30,56.29368737308007,,,
1926-12-31,57.81946396412451,,,
1927-01-31,57.68255884590454,,,
1927-02-28,59.05406212473257,,,
1927-03-31,60.21770671149981,,,
1927-04-30,61.95314454965802,,,
1927-05-31,64.35224846359631,,,
1927-06-30,65.45032254452276,,,
1927-07-31,67.17071951057862,,,
1927-08-31,71.01887648306568,,,
1927-09-30,75.32741406134275,,,
1927-10-31,74.45166987769865,,,
1927-11-30,76.43172870193902,,,
1927-12-31,78.51127505241675,,,
1928-01-31,79.11708441847843,,,
1928-02-29,78.46390586500071,,,
1928-03-31,82.97527843566448,,,
1928-04-30,88.505713352294,,,
1928-05-31,91.54840139212396,,,
1928-06-30,87.37150557860829,,,
1928-07-31,88.32725583263087,,,
1928-08-31,91.50172787995942,,,
1928-09-30,98.2517921501738,,,
1928-10-31,100.57105888764409,,,
1928-11-30,107.69612264409264,,,
1928-12-31,108.44725561859067,,,
1929-01-31,116.79355628498908,,,
1929-02-28,117.74491168111578,,,
1929-03-31,120.16357466616206,,,
1929-04-30,119.80524181471952,,,
1929-05-31,121.96154660212842,,,
1929-06-30,124.65094287852637,,,
1929-07-31,136.12296082094778,,,
1929-08-31,144.2363290089239,,,
1929-09-30,150.36198041256975,,,
1929-10-31,134.84138940991977,,,
1929-11-30,99.52922848192004,,,
1929-12-31,103.88584882484828,,,
1930-01-31,105.78346463352274,,,
1930-02-28,112.80471419364666,,,
1930-03-31,117.45499522505467,,,
1930-04-30,125.31039086609316,,,
1930-05-31,118.22874597667251,,,
1930-06-30,106.67872594104416,,,
1930-07-31,104.80152075818596,,,
1930-08-31,103.8629433526304,,,
1930-09-30,104.21993579260509,,,
1930-10-31,90.2847824672269,,,
1930-11-30,84.14622337358465,,,
1930-12-31,78.93982347170922,,,
1931-01-31,81.74194968990469,,,
1931-02-28,88.3889393858767,,,
1931-03-31,90.48732021432048,,,
1931-04-30,82.26564642913141,,,
1931-05-31,74.72432626543277,,,
1931-06-30,72.71672922340962,,,
1931-07-31,75.5157815492665,,,
1931-08-31,73.63328852317184,,,
1931-09-30,63.04739968153119,,,
1931-10-31,55.002905002385795,,,
1931-11-30,56.12679769460121,,,
1931-12-31,45.96203115671145,,,
1932-01-31,45.5596364783282,,,
1932-02-29,45.526107147466135,,,
1932-03-31,46.03318205494095,,,
1932-04-30,35.329863482850485,,,
1932-05-31,31.31995210641915,,,
1932-06-30,27.426273849994992,,,
1932-07-31,29.1096548408613,,,
1932-08-31,44.045396523821985,,,
1932-09-30,48.59811900647468,,,
1932-10-31,42.16215321993018,,,
1932-11-30,42.00754878870587,,,
1932-12-31,40.88536131515416,,,
1933-01-31,42.751280480746786,,,
1933-02-28,37.93246548532645,,,
1933-03-31,38.056378205911855,,,
1933-04-30,42.3323757571379,,,
1933-05-31,54.74075899944846,,,
1933-06-30,64.36307768490207,,,
1933-07-31,69.80668254684697,,,
1933-08-31,66.563955975585,,,
1933-09-30,66.23903819610405,,,
1933-10-31,60.02521537855837,,,
1933-11-30,61.70393104425016,,,
1933-12-31,63.13401533566428,,,
1934-01-31,66.97609272496472,,,1.0
1934-02-28,72.16647514164947,,,1.000515204261739
1934-03-31,68.70398249047382,,,1.000715087526164
1934-04-30,70.09176242232866,,,1.000840090995477
1934-05-31,63.204647689442375,,,1.0009734385809417
1934-06-30,64.28114546906633,,,1.0010984743219562
1934-07-31,61.4819408597821,,,1.0012235256817037
1934-08-31,59.321470651797505,,,1.0013819148566363
1934-09-30,58.13042372502035,,,1.0015569882474231
1934-10-31,58.83321487446614,,,1.0017820601788625
1934-11-30,60.72267041212915,,,1.001990526015316
1934-12-31,61.36619871269248,,,1.0021823720456668
1935-01-31,61.61471193642098,,,1.0023492495251694
1935-02-28,60.001151715623784,,,1.002507816784682
1935-03-31,56.443176961885506,,,1.0026330441912377
1935-04-30,60.92119640655344,,,1.0027582872404674
1935-05-31,65.95490741457651,,,1.002883545934326
1935-06-30,68.70584714263748,,,1.0030088202747671
1935-07-31,72.55301249647424,,,1.0031341102637452
1935-08-31,77.70779616993265,,,1.0032677634943703
1935-09-30,79.59866309520513,,,1.0034348217068354
1935-10-31,81.98113815339495,,,1.0036019077368457
1935-11-30,89.94770568927436,,,1.0037356232947736
1935-12-31,90.21787070508442,,,1.0038610040717295
1936-01-31,95.47596746396972,,,1.0040281610671058
1936-02-29,101.2408378347048,,,1.004195345896476
1936-03-31,103.68778133792618,,,1.004362558564475
1936-04-30,104.1277607145616,,,1.0045297990757385
1936-05-31,98.91048696585602,,,1.004697067434902
1936-06-30,103.44417678124154,,,1.0048643636466033
1936-07-31,109.90503669933474,,,1.0049898854191948
1936-08-31,112.44194066342072,,,1.0051572303892145
1936-09-30,114.07743833007515,,,1.0052911531715751
1936-10-31,120.43086872041654,,,1.005399994876865
1936-11-30,124.18814366810984,,,1.0054921101108505
1936-12-31,122.471256889288,,,1.0055926040621566
1937-01-31,126.71276339253662,,,1.00573495213554
1937-02-28,130.90290499041373,,,1.005860582656948
1937-03-31,131.2101039667855,,,1.006178551757851
1937-04-30,123.84812190341974,,,1.006646900864692
1937-05-31,118.80609812810413,,,1.0069901939275203
1937-06-30,114.85808009800098,,,1.0072917936690102
1937-07-31,122.18766757451998,,,1.0075265273314145
1937-08-31,123.92875765062094,,,1.007769689874294
1937-09-30,106.85832393799308,,,1.008029661208003
1937-10-31,91.80000062731555,,,1.0081975123435032
1937-11-30,84.21852663413947,,,1.0082730959837416
1937-12-31,83.36631535272258,,,1.0083654744526405
1938-01-31,86.06029619426218,,,1.008449466419474
1938-02-28,84.50463332480183,,,1.0085166717455072
1938-03-31,79.41445387181332,,,1.0085838815502537
1938-04-30,76.67145026360609,,,1.008659494156236
1938-05-31,77.85584780258594,,,1.0087015120069376
1938-06-30,80.13119405600153,,,1.0087435316079816
1938-07-31,96.5297911197768,,,1.0088023561101822
1938-08-31,97.53311932388532,,,1.0088527823622704
1938-09-30,93.53196373829944,,,1.0089200145661792
1938-10-31,104.36442450316774,,,1.0089620432694109
1938-11-30,104.81725636037903,,,1.008995669173216
1938-12-31,102.11061335948938,,,1.0090208905971874
1939-01-31,100.92598339513448,,,1.0090461126516077
1939-02-28,100.4662096950588,,,1.0090713353364924
1939-03-31,100.73628015122831,,,1.0090965586518577
1939-04-30,88.40735531446067,,,1.0091217825977192
1939-05-31,92.03090519219852,,,1.009147007174093
1939-06-30,94.03187396789713,,,1.009172232380994
1939-07-31,96.70557117170873,,,1.0092058652898186
1939-08-31,95.68015627670552,,,1.0092479059007684
1939-09-30,106.26522267011346,,,1.00936557600388
1939-10-31,107.74921886245257,,,1.0094076232679186
1939-11-30,106.24574138995322,,,1.009449672283525
1939-12-31,104.1633136778902,,,1.0094833144386512
1940-01-31,104.01127411520731,,,1.009491726414063
1940-02-29,103.7763798737802,,,1.009508549734088
1940-03-31,103.6277639451557,,,1.0095253733344758
1940-04-30,105.10376091133332,,,1.0095421972152312
1940-05-31,91.08659469655834,,,1.0095926604492056
1940-06-30,83.71845254522205,,,1.0096767546346972
1940-07-31,86.96262699240549,,,1.0097188148615417
1940-08-31,89.27186122890545,,,1.0097524659864427
1940-09-30,93.52394416162213,,,1.0097945293672042
1940-10-31,94.89498348101876,,,1.0098113577334822
1940-11-30,97.59974108722676,,,1.0098281863802074
1940-12-31,94.09604667813004,,,1.0098450153073846
1941-01-31,94.77617507794548,,,1.009861844515018
1941-02-28,89.3536206027807,,,1.0098955004067007
1941-03-31,90.40767409826344,,,1.0099880275210775
1941-04-30,88.10836086140456,,,1.010072154638734
1941-05-31,86.7119918646625,,,1.0101646979382572
1941-06-30,90.27518347097816,,,1.0102656588915506
1941-07-31,95.43435239692892,,,1.0103666299353906
1941-08-31,95.50928216092464,,,1.0104760211566537
1941-09-30,96.33559491876484,,,1.0105601889218194
1941-10-31,93.0298077766805,,,1.010635949689748
1941-11-30,89.2337460290105,,,1.0108714626556223
1941-12-31,83.98796995953559,,,1.0111490327328445
1942-01-31,86.17981708275671,,,1.0113762602081058
1942-02-28,84.03792131222228,,,1.0115867225496016
1942-03-31,80.03033257912496,,,1.011797228687258
1942-04-30,77.25829579459945,,,1.0120666463635914
1942-05-31,78.69539207054065,,,1.0123781723024288
1942-06-30,83.21070145163725,,,1.01268979413259
1942-07-31,86.84568968768885,,,1.0130099220597455
1942-08-31,86.87361047640759,,,1.0133301511846131
1942-09-30,88.30633397087686,,,1.0136504815391827
1942-10-31,95.33455505976482,,,1.0139709131554544
1942-11-30,97.3803609623349,,,1.0142914460654389
1942-12-31,98.4000954708282,,,1.014612080301157
1943-01-31,104.79989159607553,,,1.014932815894639
1943-02-28,111.54246803754752,,,1.0152536528779257
1943-03-31,116.02051379989058,,,1.0155745912830685
1943-04-30,120.4136422582875,,,1.0158956311421283
1943-05-31,125.66770488304816,,,1.0162167724871765
1943-06-30,128.4068874046789,,,1.0165380153502943
1943-07-31,131.5846333133464,,,1.0168593597635736
1943-08-31,125.61508333056284,,,1.0171808057591156
1943-09-30,128.8250087989759,,,1.0175023533690326
1943-10-31,128.18333078548594,,,1.017824002625446
1943-11-30,122.79440411288093,,,1.0181457535604883
1943-12-31,124.97103337083946,,,1.018467606206302
1944-01-31,129.55523957711824,,,1.0187895605950392
1944-02-29,129.24243655975025,,,1.0191116167588623
1944-03-31,133.43339067645695,,,1.019433774729945
1944-04-30,131.69042436244771,,,1.019756034540469
1944-05-31,134.59472708572574,,,1.0200783962226283
1944-06-30,141.51912523538394,,,1.0204008598086265
1944-07-31,145.7946084508195,,,1.0207234253306758
1944-08-31,144.25878094255472,,,1.021046092821001
1944-09-30,142.4944919224402,,,1.0213688623118355
1944-10-31,146.60346007575924,,,1.0216917338354234
1944-11-30,146.18708050931633,,,1.0220147074240191
1944-12-31,149.9880966432039,,,1.0223377831098863
1945-01-31,155.06720977595174,,,1.022660960925301
1945-02-28,160.85940016472318,,,1.022984240902547
1945-03-31,161.36905751818628,,,1.0233076230739195
1945-04-30,166.05103842847106,,,1.0236311074717237
1945-05-31,172.96014150967437,,,1.0239546941282751
1945-06-30,176.74340146509854,,,1.0242783830759
1945-07-31,173.75017661011307,,,1.0246021743469336
1945-08-31,174.98126655818535,,,1.024926067973722
1945-09-30,187.54735212018585,,,1.0252500639886215
1945-10-31,196.01303120894423,,,1.0255741624239991
1945-11-30,203.08137991011523,,,1.0258983633122316
1945-12-31,207.19306277801368,,,1.0262226666857055
1946-01-31,216.10673529861853,,,1.0265470725768184
1946-02-28,217.37928356710725,,,1.0268715810179778
1946-03-31,211.56485890058255,,,1.0271961920416015
1946-04-30,225.88641998987853,,,1.0275209056801171
1946-05-31,227.05660687442776,,,1.0278457219659638
1946-06-30,226.28760945364095,,,1.0281706409315894
1946-07-31,220.5262199438887,,,1.0284956626094528
1946-08-31,216.9492021881448,,,1.028820787032023
1946-09-30,185.66316610988267,,,1.0291460142317792
1946-10-31,182.1942003666529,,,1.0294713442412111
1946-11-30,182.17704426079123,,,1.0297967770928187
1946-12-31,188.36742601210813,,,1.030122312819112
1947-01-31,190.1034991012859,,,1.030447951452611
1947-02-28,198.2241087770887,,,1.0307736930258469
1947-03-31,190.9475275688158,,,1.0310995375713603
1947-04-30,184.6637805260068,,,1.0314254851217026
1947-05-31,182.162247168546,,,1.0317515357094351
1947-06-30,189.31831871003467,,,1.0320776893671302
1947-07-31,202.00120023637515,,,1.03264362218288
1947-08-31,198.8629444305469,,,1.0332868164493147
1947-09-30,194.56453775112425,,,1.033973161349599
1947-10-31,200.47152551478817,,,1.0347027211059516
1947-11-30,199.0261982623865,,,1.0354926677581755
1947-12-31,196.8104514578936,,,1.0363088849085296
1948-01-31,195.11180245013355,,,1.0371428666424376
1948-02-29,186.43578163074645,,,1.0380032161803396
1948-03-31,190.0168471762543,,,1.038864279410975
1948-04-30,205.57475336988117,,,1.039726056926379
1948-05-31,216.53206571129525,,,1.0405885493190787
1948-06-30,226.46483178030152,,,1.041451757182091
1948-07-31,222.0404052815961,,,1.0423156811089265
1948-08-31,216.52244991614225,,,1.043231950228003
1948-09-30,215.06221382040917,,,1.044174851227049
1948-10-31,221.94211226379684,,,1.045144447171502
1948-11-30,210.64394729422224,,,1.0461321840339952
1948-12-31,210.33397418669313,,,1.047138108119111
1949-01-31,213.7803069696767,,,1.048153633457253
1949-02-28,206.68599843619532,,,1.0491701436623428
1949-03-31,209.7879210035632,,,1.050187639689515
1949-04-30,210.6712217183708,,,1.0512061224948286
1949-05-31,210.30179249349385,,,1.0522255930352726
1949-06-30,199.98590619053152,,,1.053246052268762
1949-07-31,212.51982363860404,,,1.0541371531498869
1949-08-31,221.39081047070653,,,1.0550464126422054
1949-09-30,225.5415865117967,,,1.055982580061748
1949-10-31,232.6681206537557,,,1.0569021477459235
1949-11-30,237.23981494581463,,,1.0578486834147678
1949-12-31,244.97109383138587,,,1.0588135232488718
1950-01-31,251.4261463340972,,,1.0597530333139826
1950-02-28,257.78130959056733,,,1.0607370947879928
1950-03-31,261.3387216200711,,,1.0617220700380945
1950-04-30,270.20063984599665,,,1.0627342297773996
1950-05-31,280.79006140946785,,,1.063756117808497
1950-06-30,286.88095211249316,,,1.06477021664403
1950-07-31,267.64754120762893,,,1.0657940624088225
1950-08-31,285.46847082530127,,,1.0668540391552976
1950-09-30,297.25327430981474,,,1.0680029679616994
1950-10-31,311.34822847473936,,,1.0691619289588268
1950-11-30,312.58000218874315,,,1.0703661577601309
1950-12-31,313.2499290719011,,,1.0715541214279451
1951-01-31,338.3716085208169,,,1.072743403576978
1951-02-28,352.97339635287307,,,1.0739516662994024
1951-03-31,349.06929666593976,,,1.075196641373295
1951-04-30,355.811474108744,,,1.0765049656498276
1951-05-31,358.06596129530425,,,1.0778856697188377
1951-06-30,353.9840419918922,,,1.0791795384178513
1951-07-31,362.3431438082519,,,1.080572539695859
1951-08-31,380.31618161554246,,,1.0820205920326753
1951-09-30,392.2235617010735,,,1.0834794694577847
1951-10-31,392.2838791589402,,,1.0848602159002865
1951-11-30,383.3929368859063,,,1.0862605497774689
1951-12-31,397.194069686621,,,1.0878142936624624
1952-01-31,412.4265301265219,,,1.089227377646807
1952-02-29,406.93755470061006,,,1.0906154490123987
1952-03-31,409.9931559885374,,,1.0920500893192584
1952-04-30,410.83977492327506,,,1.0934686756536258
1952-05-31,412.74341330750264,,,1.094978894659611
1952-06-30,426.1507618574899,,,1.0965181578383472
1952-07-31,440.4985366875975,,,1.098158508722909
1952-08-31,444.37719538716607,,,1.099819316038136
1952-09-30,439.4504558963433,,,1.101374407843713
1952-10-31,432.3519034403285,,,1.1029588045266656
1952-11-30,448.188366144754,,,1.1046449495651678
1952-12-31,468.3774345757651,,,1.1065506856667309
1953-01-31,473.00904707205007,,,1.1083420160655264
1953-02-28,469.3503636483644,,,1.1101453192355704
1953-03-31,473.8424059918667,,,1.1119878988732737
1953-04-30,452.6530906514326,,,1.1139971874419436
1953-05-31,457.1971311051942,,,1.115982800656219
1953-06-30,442.99408013218664,,,1.1179263455759323
1953-07-31,451.4716982279661,,,1.1198092791283436
1953-08-31,455.5298011830822,,,1.1216953841229316
1953-09-30,436.8217643844603,,,1.123355007526727
1953-10-31,452.19906686225454,,,1.1246387661057466
1953-11-30,464.4614529056616,,,1.1259795065808875
1953-12-31,473.0081755594698,,,1.1274699142578606
1954-01-31,487.322038582432,,,1.1285726417212285
1954-02-28,500.374922380523,,,1.1294808737959414
1954-03-31,513.3073641676444,,,1.1304457980607971
1954-04-30,536.1414117696387,,,1.1313555375800517
1954-05-31,559.8416402219301,,,1.13206957891003
1954-06-30,566.6780867509193,,,1.1326715855001934
1954-07-31,591.9474908330163,,,1.1333489560242698
1954-08-31,606.1311296640773,,,1.1342142144171885
1954-09-30,622.7489453732209,,,1.1351644538789596
1954-10-31,639.6679979542055,,,1.1360873667320932
1954-11-30,667.2263815038345,,,1.136964103596615
1954-12-31,700.3150103712744,,,1.1380479929902436
1955-01-31,715.5126504806486,,,1.1391985887879446
1955-02-28,742.0317233135951,,,1.1403033953298132
1955-03-31,738.8046214997823,,,1.1415126410017138
1955-04-30,766.9455377235402,,,1.1430142335631008
1955-05-31,766.347495556247,,,1.144386281063946
1955-06-30,813.4459353873082,,,1.1457223226033044
1955-07-31,875.6551743809937,,,1.1472388629446757
1955-08-31,873.0626860282797,,,1.1490396955211262
1955-09-30,915.1417148505242,,,1.151003228887736
1955-10-31,871.9140823213854,,,1.153120621219702
1955-11-30,933.5363322889126,,,1.1552513253133645
1955-12-31,945.0973680688344,,,1.1576685936972668
1956-01-31,922.5826504436548,,,1.1599682853344715
1956-02-29,931.3940287208252,,,1.1621873918994148
1956-03-31,998.5635470723814,,,1.1643443391031352
1956-04-30,1013.4108104617172,,,1.1668375125439383
1956-05-31,984.6863787916805,,,1.1693455216444226
1956-06-30,982.1474366890805,,,1.171744655079114
1956-07-31,1038.6333494555354,,,1.173976728901965
1956-08-31,1035.6997638404348,,,1.176490527872185
1956-09-30,1003.7324032874442,,,1.1792392899791488
1956-10-31,994.1012830152011,,,1.182051926597632
1956-11-30,986.958921131626,,,1.1849575979937037
1956-12-31,1004.752651680874,,,1.1880816590222396
1957-01-31,986.031939739341,,,1.191117733251842
1957-02-28,946.6263478386865,,,1.194151914370945
1957-03-31,961.9606639172788,,,1.1971744695794366
1957-04-30,987.3951980889124,,,1.2001949719827567
1957-05-31,1028.4727378688228,,,1.203213366556493
1957-06-30,1048.570974177824,,,1.20646345435415
1957-07-31,1072.9383963958364,,,1.2095953690179804
1957-08-31,1017.1091790062436,,,1.212940949968887
1957-09-30,979.0933181853294,,,1.216452558888188
1957-10-31,921.3784608093526,,,1.220023422536725
1957-11-30,904.8082451990972,,,1.2233386546848957
1957-12-31,907.7046780368884,,,1.2263954186557562
1958-01-31,928.8299308083432,,,1.2288616289360554
1958-02-28,935.3366156270188,,,1.2304175465535694
1958-03-31,957.949273748394,,,1.2317426220664829
1958-04-30,966.511651541201,,,1.232896548781884
1958-05-31,1000.8732066321978,,,1.23382761834707
1958-06-30,1028.223536630366,,,1.2346777864287866
1958-07-31,1059.797849701194,,,1.2356102011645496
1958-08-31,1102.7652230117196,,,1.237337017042874
1958-09-30,1135.2278261000274,,,1.2398252302449184
1958-10-31,1184.7253012430383,,,1.2425102993112795
1958-11-30,1224.145088227887,,,1.245241619218505
1958-12-31,1250.629370057325,,,1.248080191699947
1959-01-31,1303.85276040157,,,1.250975940525513
1959-02-28,1287.3716153277103,,,1.253756393795509
1959-03-31,1323.510630455816,,,1.2566449405277054
1959-04-30,1349.1526080545718,,,1.259693194092712
1959-05-31,1372.983955450435,,,1.2626363515906176
1959-06-30,1364.6732491408443,,,1.2659652074297596
1959-07-31,1422.3790844799605,,,1.2692925905729826
1959-08-31,1417.8618880310946,,,1.272813546596863
1959-09-30,1365.3683762113126,,,1.277021328585625
1959-10-31,1367.794906655784,,,1.2812532830113577
1959-11-30,1376.9601923714604,,,1.2856021717492463
1959-12-31,1424.6593638091056,,,1.2903162245587576
1960-01-31,1403.5658136877048,,,1.2949028775105067
1960-02-29,1352.9815928114313,,,1.2991004060643023
1960-03-31,1338.4686134932977,,,1.302630518150947
1960-04-30,1359.6803528571998,,,1.3060859047823523
1960-05-31,1351.1954033880488,,,1.3096138691316626
1960-06-30,1405.08906285857,,,1.312268774848214
1960-07-31,1374.2315795099037,,,1.314757825651334
1960-08-31,1394.7195413641657,,,1.3172515975710568
1960-09-30,1356.7726063996035,,,1.3199434554243308
1960-10-31,1334.0607131981506,,,1.3224470632071017
1960-11-30,1381.2978341149474,,,1.3250309474177155
1960-12-31,1418.4636357629834,,,1.32749012208851
1961-01-31,1495.4358282555972,,,1.3299430212782222
1961-02-28,1560.840967040536,,,1.3325957765921648
1961-03-31,1613.8565025410549,,,1.3352212262125482
1961-04-30,1660.9650711715808,,,1.3377429143667652
1961-05-31,1681.9489582168646,,,1.3402693649611102
1961-06-30,1663.7805371393845,,,1.3428443371113838
1961-07-31,1663.3297925721945,,,1.3453256073909907
1961-08-31,1727.1986446176572,,,1.3479761370319063
1961-09-30,1717.856467752439,,,1.3505109111214582
1961-10-31,1740.9706530530034,,,1.3530724978423934
1961-11-30,1824.0934675664164,,,1.3558375571796393
1961-12-31,1845.350606315725,,,1.35874076894791
1962-01-31,1781.015139452685,,,1.361782840625126
1962-02-28,1815.0378705442713,1.0,,1.3648427951010895
1962-03-31,1821.241360845192,1.0147677266611528,,1.3678985285461414
1962-04-30,1767.6212539979426,1.0180318961819128,,1.370972225100555
1962-05-31,1640.6307411479752,1.0179872115183268,,1.374008235755368
1962-06-30,1453.4041870237434,1.0130390360400126,,1.3770956609494471
1962-07-31,1492.912914566643,1.0131357157926544,,1.3804025662977908
1962-08-31,1538.0587242677989,1.0231335885374415,,1.3836053245313942
1962-09-30,1528.9474171748475,1.028174602585288,,1.3867705463353284
1962-10-31,1485.3123782380785,1.0332249869261774,,1.389897922797128
1962-11-30,1592.3043402190856,1.0366001885501364,,1.3931340022483936
1962-12-31,1665.9656544255895,1.0459159857848694,,1.396422873072189
1963-01-31,1735.063224454539,1.0475639375250598,,1.3997648556976692
1963-02-28,1762.7615869112983,1.0449769036817005,,1.403126197991449
1963-03-31,1760.8674382603135,1.0475582278639095,,1.4064614427412776
1963-04-30,1848.56372685372,1.0510064403639618,,1.4098160332726095
1963-05-31,1890.5554855778437,1.0536118430169816,,1.4132129541304996
1963-06-30,1894.688436454024,1.053670477939339,,1.4166868560505232
1963-07-31,1871.5449383626271,1.0571827128658036,,1.4203874449912468
1963-08-31,1928.2816934135517,1.058993422922754,,1.4242586245108535
1963-09-30,1984.086314131411,1.0582613048268346,,1.4282094487894952
1963-10-31,1994.0574259210048,1.0550348875115303,,1.432252019274601
1963-11-30,1987.997321666842,1.0646498059671223,,1.436386997566822
1963-12-31,2035.630416402456,1.0631244132268396,,1.4405339137339748
1964-01-31,2103.4588505191364,1.0659363065100254,,1.4446928022412604
1964-02-29,2134.6262914353424,1.0670520504890146,,1.4488753604524662
1964-03-31,2178.8735629498897,1.0664907193320134,,1.4530817231979414
1964-04-30,2215.802589562751,1.0711057220762483,,1.4572181696218232
1964-05-31,2242.881841681318,1.0774542498716244,,1.4613781602753284
1964-06-30,2235.0554659123195,1.084686041043628,,1.4655500266538266
1964-07-31,2323.6331875175188,1.0849511979078297,,1.4697101287770702
1964-08-31,2295.199720450844,1.0869977577532712,,1.47392951770319
1964-09-30,2340.3573084467057,1.093432719252838,,1.4781967196975825
1964-10-31,2386.513498021035,1.0990012083573533,,1.4825239982737095
1964-11-30,2408.9207549853654,1.0992807723600424,,1.486947662677577
1964-12-31,2373.067007013029,1.1022458885295126,,1.4916241489976616
1965-01-31,2440.0454524695137,1.107884180572421,,1.4962793136679229
1965-02-28,2463.876718887278,1.1090860505966085,,1.5010935161211396
1965-03-31,2472.184314740587,1.1147676916198157,,1.5059232080254563
1965-04-30,2510.7395329011065,1.1177745810249022,,1.510768439217392
1965-05-31,2554.2881298161715,1.119903461659577,,1.5155806405372128
1965-06-30,2439.204975669828,1.1265492130279215,,1.520298365486144
1965-07-31,2441.754586413201,1.1286845230360825,,1.5250797405722316
1965-08-31,2493.525118063672,1.128137338940152,,1.529876153198471
1965-09-30,2583.235130693742,1.124957444170437,,1.5347861448806674
1965-10-31,2647.7822902956223,1.1236708547105412,,1.5398476451261995
1965-11-30,2676.3200466797034,1.1215703724810842,,1.545000071699025
1965-12-31,2670.7050507416525,1.1107820736243312,,1.550529184122746
1966-01-31,2723.6455502212693,1.1116032561087568,,1.556338730218923
1966-02-28,2711.9711158011182,1.087655286453191,,1.56224470464109
1966-03-31,2607.274420982817,1.1186070359057838,,1.5680981466259671
1966-04-30,2693.9016367567156,1.1160165635463275,,1.5740111378970445
1966-05-31,2559.0431611578515,1.1196011398110686,,1.579971593300808
1966-06-30,2544.7656387195716,1.109361927606677,,1.585777687764293
1966-07-31,2545.283107911735,1.1071202634877,,1.59198538520114
1966-08-31,2398.4835686128104,1.085739576655581,,1.5984205767381818
1966-09-30,2321.1858805522256,1.1190607087804287,,1.6054032703378704
1966-10-31,2308.0683165069727,1.1280689400552149,,1.612390961545526
1966-11-30,2430.750017644283,1.1197513825395269,,1.6193706331564166
1966-12-31,2448.132526413501,1.1667499922524736,,1.6259165225161394
1967-01-31,2549.2726381649995,1.182328848636295,,1.632177476703795
1967-02-28,2644.386116010883,1.1682735259514585,,1.638253778818134
1967-03-31,2714.057537451112,1.1932042515290977,,1.6439590238636137
1967-04-30,2768.1343194449837,1.1716065449930178,,1.649129314707633
1967-05-31,2825.093694275252,1.1735341805411397,,1.653996900349196
1967-06-30,2797.073630453642,1.1414899730790848,,1.6587987702219695
1967-07-31,2852.8199992994187,1.1517031384519902,,1.664509025485252
1967-08-31,2905.6613508352,1.1470002157393724,,1.6703190547448603
1967-09-30,2953.7354035935773,1.1485474689821578,,1.6763501703490065
1967-10-31,2956.6127856100898,1.125256970765381,,1.682590919427982
1967-11-30,2871.411072121361,1.1221608532201517,,1.6890835515938614
1967-12-31,2960.7617656023663,1.130879662009124,,1.69592470165402
1968-01-31,2960.269858698323,1.1498632466055778,,1.7028341088163053
1968-02-29,2834.2777335043547,1.1534433132782111,,1.7097445241562652
1968-03-31,2790.110889484549,1.1416151718722802,,1.7169416829220747
1968-04-30,3003.916381249277,1.1487962966676988,,1.7244557728759162
1968-05-31,3080.7822223694075,1.1440776981802498,,1.7323857831298417
1968-06-30,3171.413523911302,1.1685082804489786,,1.7401599786166049
1968-07-31,3173.0000984729777,1.1961339743702837,,1.7476789040378036
1968-08-31,3111.6719592400023,1.198791401334289,,1.754924457809505
1968-09-30,3220.8548225534632,1.19787773301698,,1.762339726772943
1968-10-31,3308.40645860457,1.1925802502490817,,1.7700105008651632
1968-11-30,3367.5218333436765,1.1830778101377837,,1.7778552214227257
1968-12-31,3410.8406032903094,1.1559451998228163,,1.78645283236295
1969-01-31,3274.9407570308863,1.1593495177323356,,1.7953459415895456
1969-02-28,3267.154745917357,1.159429731497711,,1.8042549871834077
1969-03-31,3204.6549876415984,1.1621126933206107,,1.813065793976997
1969-04-30,3277.5638469190103,1.1766864272559512,,1.8220484619856792
1969-05-31,3392.747729397112,1.1524056020246425,,1.8309749410692655
1969-06-30,3224.110435868523,1.1447728800402472,,1.8405225355496104
1969-07-31,3088.543947157361,1.1569109179309938,,1.850929117554404
1969-08-31,3079.802502520661,1.1494096171441113,,1.8613655437182373
1969-09-30,3099.1779854548668,1.1023679438129632,,1.8720211318077085
1969-10-31,3140.914986919074,1.1534994320221883,,1.882605811455244
1969-11-30,3172.2536317085146,1.132196468086561,,1.8936038537084012
1969-12-31,3012.7781780270175,1.0940334777317129,,1.9055224628196128
1970-01-31,2995.041139543169,1.110869299692794,,1.9175901753354452
1970-02-28,2899.3261502937553,1.184595426590335,,1.9286276466230403
1970-03-31,2957.6774730179445,1.1764866879499751,,1.938972600458704
1970-04-30,2876.4187181106972,1.12458595925861,,1.9491901325968033
1970-05-31,2554.297387476495,1.122082729898335,,1.959966706356352
1970-06-30,2547.412941454503,1.1501399099160956,,1.97055674137
1970-07-31,2560.7339497752564,1.1813116936111816,,1.9808476908303592
1970-08-31,2644.115256266053,1.179653379599594,,1.9911300211413867
1970-09-30,2811.2670923349765,1.2033662470858406,,2.001010606119874
1970-10-31,2881.2064393777177,1.2073469037322155,,2.010608300940865
1970-11-30,2887.11623647825,1.287581067668199,,2.019247842826373
1970-12-31,3093.7384809770397,1.2936191152612684,,2.027265205812523
1971-01-31,3220.883517012752,1.3394861750676788,,2.034617638633339
1971-02-28,3354.55586748884,1.3413872523068788,,2.040787105454548
1971-03-31,3449.522741882532,1.4097999013392024,,2.0464481498077376
1971-04-30,3576.2438401801655,1.3594732691154268,,2.0529172252456926
1971-05-31,3536.6138792428837,1.3368813829306516,,2.0598688487317864
1971-06-30,3480.1649733291156,1.3135262380978427,,2.0678501916457224
1971-07-31,3464.043413877982,1.306925661554418,,2.076932856094547
1971-08-31,3411.480141581979,1.3684660866377285,,2.085295207120989
1971-09-30,3496.2935233412804,1.403825697277824,,2.0932751204842863
1971-10-31,3431.1141761735435,1.4243595172382584,,2.1009004793071657
1971-11-30,3281.102618663261,1.4250160890706138,,2.1081494844999775
1971-12-31,3516.12806760915,1.4362752798040848,,2.1150679641115446
1972-01-31,3671.630252576269,1.4222740826862446,,2.120935059960417
1972-02-29,3748.255837147218,1.4347162272795115,,2.126509591965693
1972-03-31,3846.445650625083,1.4335378357627284,,2.1330091125843804
1972-04-30,3894.868484682395,1.4387526137706717,,2.1394941189104193
1972-05-31,3864.648648783319,1.4556219751726205,,2.1459643514362647
1972-06-30,3884.5938720016607,1.4523231401664334,,2.1528343550088547
1972-07-31,3865.031015299055,1.462954905941229,,2.1598475579337015
1972-08-31,4011.2816677178025,1.4387515807612112,,2.16695306000256
1972-09-30,3962.736727414791,1.4340608722608967,,2.175193506199781
1972-10-31,3979.3487383182664,1.4553347391679177,,2.183604323380995
1972-11-30,4188.502575794425,1.476850196748858,,2.192117412005025
1972-12-31,4285.391264830504,1.4707192519196255,,2.2011706128072377
1973-01-31,4327.809556819243,1.4648568489790512,65.0,2.21085634250164
1973-02-28,4183.924906018063,1.4623785352526983,74.2,2.22091796436301
1973-03-31,4127.656855800672,1.4611099840578698,84.0,2.2318862387512937
1973-04-30,4060.290698851159,1.472426189627316,91.0,2.2432079670683316
1973-05-31,3956.0021199807206,1.4567862572569892,101.96,2.2547638648164576
1973-06-30,3877.3372146409297,1.4641731685126278,120.0,2.267847890109666
1973-07-31,3924.3137633195265,1.4232568051519388,120.0,2.282456902386474
1973-08-31,3860.1861305028538,1.449855552081791,107.0,2.29832650131108
1973-09-30,3937.259692694251,1.4944144956502416,103.0,2.3136309622590137
1973-10-31,4104.129253158134,1.5232189581643203,100.0,2.3271108508195337
1973-11-30,3822.993066424952,1.533906980710792,94.92,2.341776112487544
1973-12-31,3562.942083818301,1.5197308338157374,107.0,2.355840624796121
1974-01-31,3623.590039384456,1.5177955083877197,129.19,2.3705769840396917
1974-02-28,3534.0465335730096,1.5255837722431889,150.0,2.3842032584396464
1974-03-31,3695.7794282608697,1.49244720562338,168.0,2.3994692214397206
1974-04-30,3517.8302785182186,1.4762409969463512,172.0,2.4155215261782716
1974-05-31,3422.7126525578524,1.499837200870673,163.0,2.431494082523516
1974-06-30,3438.4260094067017,1.496961046276987,154.1,2.4469494860758334
1974-07-31,3048.368828642529,1.4812573240035558,143.0,2.4618364935626587
1974-08-31,2933.7010649458502,1.4692397489406523,155.0,2.4795039042395097
1974-09-30,2640.028700680095,1.4959738771291586,152.0,2.4955726080318477
1974-10-31,2702.791165142058,1.521072530420018,159.0,2.510580279221883
1974-11-30,2803.979342054803,1.5465077964630425,182.0,2.525697787675316
1974-12-31,2633.1765859246175,1.5819451469925283,184.0,2.540274986142842
1975-01-31,2860.569038088765,1.5776039965551434,176.0,2.553161083446693
1975-02-28,3169.8025894719863,1.5950974273566525,179.6,2.5645780510985783
1975-03-31,3327.5342351798986,1.546201205409123,178.0,2.57602572319304
1975-04-30,3377.0597711543696,1.5258316030167518,170.0,2.5877696534397567
1975-05-31,3603.793771754345,1.563988905112376,167.0,2.59878636696703
1975-06-30,3708.1544663470463,1.5828783091937717,164.24,2.610077218303897
1975-07-31,3724.173640132943,1.5681177453799078,165.0,2.623049802197124
1975-08-31,3463.621073047923,1.5767495020136892,163.0,2.6367276605071357
1975-09-30,3434.0874161325205,1.5606305252167345,144.0,2.6504353363606374
1975-10-31,3604.771064920651,1.6315625281537711,143.0,2.663252697172513
1975-11-30,3678.335744833083,1.617297360640235,142.0,2.675119696059444
1975-12-31,3634.9106642438474,1.6699472061590468,139.0,2.6869546428406985
1976-01-31,3981.884572304432,1.6762233002484097,131.05,2.6976231156463055
1976-02-29,4148.26463459468,1.6905283123724382,131.0,2.7083554677219808
1976-03-31,4181.562086805765,1.7141458246675365,133.0,2.719389643147601
1976-04-30,4227.449422757903,1.723920264444847,128.0,2.7301652021902254
1976-05-31,4211.327414484572,1.7013367272444286,127.0,2.7417229788806363
1976-06-30,4249.334783113319,1.7241106299817233,126.0,2.7537872811731794
1976-07-31,4362.699076320312,1.7354035546081037,118.0,2.7655107688303624
1976-08-31,4338.345557804064,1.77041978198652,109.93,2.777086144508299
1976-09-30,4444.2143486427,1.7950577751647412,114.0,2.788577316716266
1976-10-31,4306.312659188936,1.822427771002612,116.0,2.799760489912885
1976-11-30,4290.758552276555,1.886137994382954,130.0,2.8106086798647065
1976-12-31,4453.463946983683,1.923883600603114,134.0,2.820599476192267
1977-01-31,4429.703171371032,1.8565764332589536,132.0,2.831235404892148
1977-02-28,4324.946985984849,1.8616389287455275,136.0,2.8420245986942994
1977-03-31,4322.7702387394265,1.8770441730998224,148.0,2.852695867276594
1977-04-30,4271.373496069773,1.8847764735114547,149.0,2.8632702943205257
1977-05-31,4274.33222898288,1.9055836340920456,147.0,2.8748443281889
1977-06-30,4312.995690484413,1.9411718156332012,141.0,2.886602614203034
1977-07-31,4368.476153152252,1.923400192702257,143.0,2.8987996832447394
1977-08-31,4277.841644672912,1.953963069764258,145.0,2.911739241948013
1977-09-30,4227.732911341449,1.9483099040752712,149.53,2.9254748738322975
1977-10-31,4135.020767116016,1.9324118917060729,159.0,2.940084290578115
1977-11-30,4175.799472334769,1.953946436262307,162.0,2.9546274629422515
1977-12-31,4172.662160116302,1.935785440234808,160.0,2.96917260096179
1978-01-31,4031.35459136742,1.927497423140432,173.0,2.9846553120029244
1978-02-28,3992.331488386515,1.927340872285839,178.0,3.000242245546924
1978-03-31,4003.0997459411656,1.9261241969797385,184.0,3.0155325629861554
1978-04-30,4196.586919052266,1.9276988048258372,175.28,3.0309008054021915
1978-05-31,4427.718813458455,1.918088500555339,176.31,3.0466338288776313
1978-06-30,4457.680877427295,1.906512171013908,184.0,3.0632149235464783
1978-07-31,4455.043629251015,1.927692792329328,189.0,3.080558776753401
1978-08-31,4781.655648316974,1.96305054796877,206.0,3.09816965819453
1978-09-30,4800.908063583698,1.9549384985438216,212.08,3.1177422535286237
1978-10-31,4667.819059973412,1.9186231526175872,227.0,3.137777688601082
1978-11-30,4414.063740996784,1.9453379934637447,206.0,3.1595215145483406
1978-12-31,4499.003358439151,1.9237384045115573,207.85,3.1824877778550835
1979-01-31,4687.469555095221,1.9631516579720123,227.0,3.2062814572407876
1979-02-28,4638.09493062775,1.9502842778409863,246.0,3.2301791681231373
1979-03-31,4746.850694211983,1.972661189908919,242.0,3.2546516410642923
1979-04-30,4862.426431635301,1.9577184279290656,239.11,3.2792595955899357
1979-05-31,4770.564711089807,2.0093072794373863,258.0,3.304430683456226
1979-06-30,4886.085755683027,2.0569834934722055,279.0,3.3283994171338804
1979-07-31,4955.736379645104,2.045696372409954,295.0,3.3530027650832253
1979-08-31,5204.461467021924,2.031179181731181,301.0,3.378508618730528
1979-09-30,5284.862481770842,2.0212473796432424,355.0,3.406119365644936
1979-10-31,5107.875835594857,1.8833567240304496,392.0,3.437670874367937
1979-11-30,5091.5963347050265,1.938887153325744,391.99,3.469747522084632
1979-12-31,5316.0210043920815,1.9615317993930537,455.0,3.502775466964556
1980-01-31,5492.317619333656,1.886588350209536,675.31,3.5360125780669205
1980-02-29,5733.958133770074,1.740064876696586,665.0,3.571841166621085
1980-03-31,5230.848479650613,1.7661730549423196,554.0,3.61420829460448
1980-04-30,5170.257693193788,1.981425682088625,517.0,3.651744472045443
1980-05-31,5430.834205060423,2.0606015015702557,513.8,3.6768806545583024
1980-06-30,5803.731316912065,2.098382054523226,601.0,3.697871798317613
1980-07-31,6092.3282292708,2.032442939340349,643.27,3.721836272214027
1980-08-31,6306.028719775199,1.9583312450297703,627.0,3.7490331193667186
1980-09-30,6485.039939910787,1.942685693020805,674.0,3.7797005303460462
1980-10-31,6700.780728425605,1.897279452719915,661.0,3.814484839108159
1980-11-30,7010.130007701935,1.8899124341000475,625.0,3.85560155157433
1980-12-31,6922.998448284171,1.940372093228548,538.0,3.9021519617676184
1981-01-31,6923.86274272216,1.9338108590938217,557.39,3.947922558688047
1981-02-28,6711.461539787526,1.8769357744001471,499.76,3.993563825360823
1981-03-31,6989.711905287024,1.92833443896406,499.0,4.035514847545009
1981-04-30,7080.304719937239,1.8514039640260376,495.8,4.078894492669346
1981-05-31,6965.958018213747,1.9332226591751336,479.7,4.130545856221318
1981-06-30,7025.858910056019,1.918476046921249,461.09,4.178116358921297
1981-07-31,6884.391718544101,1.8617179396440775,409.0,4.226909459975495
1981-08-31,6939.8360018019175,1.8164470823321328,410.0,4.278004568630655
1981-09-30,6363.836753401331,1.8018044793562655,444.0,4.327179013994615
1981-10-31,6473.920325595716,1.9363854952220816,438.0,4.373212723884868
1981-11-30,6671.1341049589055,2.1163739992113375,413.0,4.410947030670391
1981-12-31,6749.977248062671,2.0457107520824307,410.0,4.448973483757857
1982-01-31,6425.836579728805,2.0525636281974338,384.0,4.492123465858893
1982-02-28,6302.989703939873,2.0885127711755818,374.0,4.539711925690066
1982-03-31,6130.139156600386,2.0967046735411627,330.0,4.585100557452615
1982-04-30,6465.554035994699,2.155553109063008,350.0,4.631011482069705
1982-05-31,6502.52388495374,2.1986623911196648,334.0,4.675267130828791
1982-06-30,6159.940313437599,2.1415350575608056,314.98,4.721277072355705
1982-07-31,6175.023510346224,2.2532124209114808,338.97,4.763765116745004
1982-08-31,6224.114523920054,2.3859825408847897,364.23,4.796923682808873
1982-09-30,6977.069733532839,2.558457108669805,437.0,4.8274891214371145
1982-10-31,7596.762873371129,2.7388254123933353,422.0,4.857460816112175
1982-11-30,7938.642630169763,2.750251465496119,415.0,4.888977837755837
1982-12-31,8046.282806310189,2.8465182554096833,445.0,4.920205812491401
1983-01-31,8362.224131537472,2.796730370192945,481.0,4.951327323330552
1983-02-28,8540.405134221333,2.911897889254514,491.0,4.983607070555859
1983-03-31,8870.608922647658,2.875840146217418,420.0,5.017024281688348
1983-04-30,9242.991517974076,2.9624177180094953,433.0,5.050121412977874
1983-05-31,9651.951399500163,2.8928452392628237,438.0,5.083358582377442
1983-06-30,9821.247764185691,2.893307884907247,413.0,5.1191732467485105
1983-07-31,9890.89363174422,2.787774433737573,403.0,5.156384033304736
1983-08-31,9652.900173199958,2.780415090370401,416.0,5.194895838729309
1983-09-30,9972.88034109236,2.8949538646059185,412.0,5.232337132632684
1983-10-31,10037.646405109725,2.8729604118874117,394.0,5.268595605730585
1983-11-30,9923.22401963307,2.919197127464449,382.0,5.305593411467399
1983-12-31,9910.659808429842,2.915919470230386,388.0,5.343832538567809
1984-01-31,10066.995845148382,2.9696913636719104,370.89,5.381935599850659
1984-02-29,9552.504195510266,2.936600776895226,386.0,5.421097794368676
1984-03-31,9594.9125368741,2.8865211554404753,394.0,5.462335376511693
1984-04-30,9643.79807778022,2.870915013512583,381.0,5.504598082086853
1984-05-31,9619.661403311364,2.738036850725506,377.0,5.54777743495578
1984-06-30,9442.082617614858,2.7798352831569133,378.0,5.591465163886192
1984-07-31,9356.426143033688,2.9525355701011375,347.71,5.636564404690769
1984-08-31,10217.951486041547,3.003687432208328,348.0,5.683530172243947
1984-09-30,10361.835656906427,3.088974442332255,340.0,5.730454784064641
1984-10-31,10319.363151730367,3.240712834697631,341.0,5.775011274271192
1984-11-30,10452.320965801004,3.3116733215595184,342.0,5.8148964796673255
1984-12-31,10378.626760555053,3.349349403196789,319.54,5.852580570002945
1985-01-31,10866.397665014932,3.455996455988415,302.79,5.8891443525568095
1985-02-28,11495.503990053228,3.3432415615424937,299.0,5.928268671042833
1985-03-31,11440.748364819605,3.426244648163019,314.0,5.968799993936437
1985-04-30,11558.124820452644,3.5071097584037965,327.0,6.006971624234423
1985-05-31,11874.455049160975,3.7806543201866414,316.0,6.043189578979312
1985-06-30,12172.761396934651,3.819936840000088,317.0,6.077121943493075
1985-07-31,12446.489199871485,3.779270799082275,317.0,6.111863521825474
1985-08-31,12216.99248046388,3.879093291735943,330.0,6.147090655709635
1985-09-30,11986.883080584015,3.905267837823197,323.0,6.1823284461542185
1985-10-31,12166.26310712942,4.010769032950341,326.0,6.218058439022004
1985-11-30,12947.50882437384,4.14955400805093,322.0,6.2543838710528865
1985-12-31,13633.125852837517,4.339755714558364,322.0,6.290236712755072
1986-01-31,13735.829172696887,4.350101486583676,347.0,6.326147386916836
1986-02-28,14518.613097452164,4.658331431806395,339.0,6.362213553417214
1986-03-31,15416.48630640353,4.927500059483059,346.0,6.395989765669694
1986-04-30,15839.265414318996,4.961246133577156,340.0,6.427425656805269
1986-05-31,15917.31555757295,4.769377174391221,342.0,6.459472623156634
1986-06-30,16416.191590247407,5.031936280861676,343.0,6.49198507419192
1986-07-31,16120.299329117996,5.066236227925991,348.0,6.522712635484742
1986-08-31,16488.222175449493,5.236286286205396,376.66,6.552035480107325
1986-09-30,16083.475578714057,5.086565103835365,418.0,6.579824734767516
1986-10-31,16069.114681840576,5.156831666834661,423.51,6.607574818998593
1986-11-30,16636.922388252384,5.256712595966089,398.0,6.636335002386612
1986-12-31,16921.331628590113,5.258808874153961,391.0,6.666168636184881
1987-01-31,18050.66828964277,5.3088082724789025,408.26,6.695607386881191
1987-02-28,19217.194149621195,5.336876486821048,401.0,6.726026059876513
1987-03-31,20058.33121644068,5.251701554836791,408.91,6.756582927304891
1987-04-30,19886.89248809503,5.040406580643409,438.0,6.787546390378598
1987-05-31,19921.606904640095,4.982260224081879,460.0,6.818759317564854
1987-06-30,20818.113669874845,5.05366148730128,450.0,6.850169803274002
1987-07-31,21468.34397759638,4.996777632203853,451.0,6.881833512510383
1987-08-31,22854.182523346102,4.923827186262643,461.15,6.915548610757114
1987-09-30,22161.873320921124,4.767199867576794,460.0,6.951391909098267
1987-10-31,19535.119958919153,5.035942455633485,465.0,6.985941658846314
1987-11-30,17131.923724144195,5.037642578058474,468.0,7.018232949687355
1987-12-31,16903.55634633834,5.127498025633042,486.0,7.0511180863805825
1988-01-31,17621.64578059439,5.3589678229394915,477.0,7.0843805300128455
1988-02-29,18208.467278504555,5.431555871446204,442.07,7.116958466269233
1988-03-31,18797.250049375736,5.322866360317401,444.0,7.149911731317046
1988-04-30,18631.252067143974,5.25782475285989,452.0,7.184205737847716
1988-05-31,18224.102391016495,5.186329079742409,451.0,7.220649183810768
1988-06-30,19317.773874803803,5.353551426445227,451.0,7.25841480563395
1988-07-31,19258.939645088,5.2903845000860805,438.0,7.297918228033193
1988-08-31,18928.43478231649,5.2869366576880585,431.28,7.33952458302624
1988-09-30,19293.676290282692,5.457336507974095,413.0,7.382401536337995
1988-10-31,20027.68788671182,5.575922284757866,407.0,7.426163395174418
1988-11-30,19623.62049952378,5.469824001294201,420.0,7.472558078740558
1988-12-31,20080.72051577191,5.4832109029552525,419.0,7.521042829028198
1989-01-31,20786.470873862167,5.570699591620705,404.0,7.571008606291268
1989-02-28,21472.899464403457,5.503258624832184,388.0,7.622829806211835
1989-03-31,21438.876361227147,5.55297187679579,390.0,7.676712630810029
1989-04-30,22203.597369940893,5.695691861620989,384.0,7.729969158289164
1989-05-31,23117.994955939015,5.89472628924875,371.0,7.782280543160429
1989-06-30,23903.385689323193,6.133778611997547,368.0,7.833257916161424
1989-07-31,24573.050325273383,6.291351807414894,375.0,7.882926993174606
1989-08-31,25726.472708331483,6.148817681881752,365.0,7.933033558816143
1989-09-30,25844.80013257422,6.170797957459532,362.0,7.982533161244845
1989-10-31,25919.19602319482,6.3755626810012584,367.0,8.031657966284518
1989-11-30,25449.925397958817,6.452113854356684,394.0,8.081397833585228
1989-12-31,26147.26731815666,6.455180052519742,409.39,8.131068102761231
1990-01-31,25569.592225991804,6.285486772639646,410.0,8.181106997338171
1990-02-28,24923.96572581056,6.296664325299029,417.0,8.232090829205745
1990-03-31,25599.26478204223,6.283864039160669,393.0,8.284416798970256
1990-04-30,25650.17123624291,6.172195468197616,374.24,8.336237852053445
1990-05-31,26638.67709239474,6.396041050630837,369.0,8.388188443727103
1990-06-30,27483.788013998335,6.51344255067811,352.33,8.440397499266222
1990-07-31,27530.8583573956,6.589302649649821,363.0,8.492208514279106
1990-08-31,25366.955805485155,6.422542343856052,395.0,8.543212011385073
1990-09-30,24266.0593233751,6.486580579852161,389.0,8.59392170399973
1990-10-31,23704.73343755525,6.606125937043396,381.0,8.643656412316096
1990-11-30,24412.595766184477,6.824574275745915,382.0,8.692934990931475
1990-12-31,25532.800115346432,6.953677577869387,377.0,8.740313930305808
1991-01-31,25357.96483287346,7.023797251425257,384.0,8.784375454967021
1991-02-28,28301.249582601333,7.0755069371164385,364.0,8.826717364380283
1991-03-31,29162.89370152542,7.108583826230944,363.34,8.869054041295128
1991-04-30,29821.764010006264,7.170567408974291,358.0,8.909768628230582
1991-05-31,29768.48467849871,7.199296689671874,357.0,8.949327613704336
1991-06-30,29871.850207059066,7.161635666342324,366.72,8.989843202478198
1991-07-31,30105.28071098244,7.229862045621521,368.0,9.030613495203468
1991-08-31,30912.06747555313,7.465079977185514,356.0,9.069776715075008
1991-09-30,30818.659156610567,7.693281951518616,348.74,9.108316646815238
1991-10-31,30874.462924061136,7.741172631666818,359.0,9.145352470387998
1991-11-30,30879.16269809711,7.837446380430127,360.0,9.179398966768046
1991-12-31,31167.748018365044,8.259189184974836,362.0,9.2099663267418
1992-01-31,33461.34642212571,7.962457278634753,354.0,9.238635265072316
1992-02-29,33260.56333177312,8.03305529806224,354.0,9.267690996163456
1992-03-31,32924.109439883614,7.933134601686554,344.0,9.2983289661594
1992-04-30,33011.129007744006,7.945054569925734,339.0,9.326898469678513
1992-05-31,33693.91485109244,8.149312106891697,337.0,9.35465353549042
1992-06-30,33246.0814240318,8.30713521879524,341.0,9.382717510965284
1992-07-31,33881.948934400854,8.604747877292446,353.0,9.40745441477298
1992-08-31,34201.18116607173,8.714445629973849,343.0,9.431647059348789
1992-09-30,34330.75279332896,8.920077929033503,345.0,9.454219305342338
1992-10-31,33924.8532511716,8.695606607106157,344.38,9.476461783974308
1992-11-30,34860.1052565596,8.653061564187546,335.02,9.500831891090206
1992-12-31,36000.49501618821,8.857229781872707,334.82,9.525957105517904
1993-01-31,36052.0977365737,9.105057981579192,329.0,9.549450685579504
1993-02-28,36673.95562649499,9.394398267687835,329.0,9.572459877878115
1993-03-31,37462.732122876485,9.441605118982968,330.0,9.59567986946649
1993-04-30,36960.16996536048,9.47518385089744,342.0,9.618333075479864
1993-05-31,37228.12243887989,9.446822316615162,367.0,9.641742383450833
1993-06-30,37550.30630217276,9.74795576081994,372.0,9.6660687508947
1993-07-31,37573.21339137792,9.773372750334604,392.0,9.690221417520938
1993-08-31,38235.4284321092,10.101396969175989,379.0,9.714277290112223
1993-09-30,38753.50769638502,10.185527528717698,355.0,9.737841289318403
1993-10-31,39234.93083332404,10.208252499317584,364.0,9.762015377739797
1993-11-30,39238.03196315926,9.951560231351884,373.83,9.786882544029616
1993-12-31,39586.285143501555,9.999908228142536,383.0,9.81149577259188
1994-01-31,40273.76214786092,10.145543310666612,387.0,9.835534400253389
1994-02-28,40243.582441358405,9.860203130613318,382.0,9.861783560695107
1994-03-31,39670.89493446622,9.47704579033456,384.0,9.890095742487318
1994-04-30,38343.66567539575,9.338041113251736,377.0,9.919925523357987
1994-05-31,38749.74446835328,9.32139973477482,381.43,9.95351654514905
1994-06-30,39179.43779800901,9.267530291443355,386.0,9.987221313433704
1994-07-31,38976.360770089115,9.466615394687796,385.49,10.02256252897052
1994-08-31,40177.858466402344,9.476647704371146,380.0,10.059233084994812
1994-09-30,40506.44268141492,9.25533044690935,391.58,10.097164484603496
1994-10-31,40327.26583493067,9.195093077602449,390.0,10.13789918118951
1994-11-30,40178.70607454148,9.192987714575493,384.0,10.181542109115323
1994-12-31,39767.12294307574,9.297077839543366,379.0,10.22787837470534
1995-01-31,40741.95721778847,9.510266189772578,379.0,10.275316968635774
1995-02-28,42297.930729874606,9.821704331327677,377.0,10.323463732287284
1995-03-31,43379.91060427809,9.894468299153353,382.12,10.371509171595587
1995-04-30,44775.35197376259,10.043884026834611,391.0,10.419120981136114
1995-05-31,46274.789100534246,10.663733382494495,385.0,10.46711646468938
1995-06-30,47745.98951255559,10.789656928492404,387.56,10.513673080494474
1995-07-31,49440.359104231335,10.658919275196096,386.23,10.560019486980256
1995-08-31,49694.56695383371,10.847819097283985,384.0,10.60640249574984
1995-09-30,51542.56264564473,10.991709511361426,383.0,10.65197798580114
1995-10-31,52013.44278799635,11.16132057988919,383.0,10.697749312781523
1995-11-30,53240.640716490096,11.441722817287843,385.0,10.744397407948544
1995-12-31,55045.560987283076,11.65127867814526,387.0,10.789369366775032
1996-01-31,55135.824977103526,11.687976485314188,399.45,10.833326593122775
1996-02-29,58392.03431271103,11.289608410851931,405.0,10.875994222274246
1996-03-31,58275.61702596201,11.175574872532994,396.0,10.919957632131336
1996-04-30,58390.87003413507,10.979491565214504,392.85,10.964011699147408
1996-05-31,59766.29876553685,10.89289609511794,392.0,11.008855165681158
1996-06-30,60530.89366036537,11.048039628835024,385.0,11.05449584480335
1996-07-31,58427.47906091843,11.055177653904805,383.47,11.100853737848512
1996-08-31,60225.54654512555,10.99336379026089,387.0,11.146522198336784
1996-09-30,61445.331676028094,11.244840781992478,383.0,11.192733619536018
1996-10-31,63977.1777301773,11.5924141389479,381.0,11.238245004757236
1996-11-30,67209.96515162133,11.917653579972727,378.0,11.284299638246274
1996-12-31,68015.90247303703,11.659877565215425,369.0,11.329463648435008
1997-01-31,70231.95422234952,11.638653152317891,355.0,11.375892098405192
1997-02-28,73295.29258855247,11.676956697483666,347.0,11.42232953969631
1997-03-31,72838.56833019746,11.44450960269005,352.0,11.470139064442831
1997-04-30,70358.4907528394,11.673360056254564,344.0,11.518331270060964
1997-05-31,76844.27374644564,11.780357814036288,343.84,11.565717216126004
1997-06-30,80945.57439625073,11.981267032753758,341.0,11.612192024863466
1997-07-31,85588.98794151074,12.47778211044092,324.1,11.659964110253762
1997-08-31,85887.09345503969,12.25122608663245,324.01,11.708768282882067
1997-09-30,86911.3121426277,12.51318863849795,322.82,11.756004625731237
1997-10-31,88341.76806769744,12.83681243071967,325.0,11.803618961728205
1997-11-30,87324.47072664516,12.880262950616755,306.04,11.853024418897697
1997-12-31,89625.57513017447,13.04868555683852,288.74,11.902825331230405
1998-01-31,89838.4549239666,13.327264950293118,289.1,11.951698255725123
1998-02-28,95590.44369214284,13.298790489182307,297.49,12.001247788064806
1998-03-31,100669.35324654916,13.311358902727488,296.0,12.05042922769853
1998-04-30,104098.68150678204,13.364307536225732,308.29,12.099043923346011
1998-05-31,103868.5106673598,13.548097305665078,299.1,12.14833692595352
1998-06-30,103990.25378528924,13.733765120321475,292.32,12.197637121089068
1998-07-31,108636.71281270434,13.73391325706447,292.87,12.246942932501163
1998-08-31,101064.16105505316,14.27276041521509,284.11,12.29586212815168
1998-09-30,96114.02787575936,15.023321823978902,289.0,12.342129103945023
1998-10-31,97354.9317899457,14.842802890781432,296.0,12.382137076919832
1998-11-30,108039.16652364771,14.7841239445086,294.0,12.426746782555346
1998-12-31,112473.3386893684,14.947031855277496,292.0,12.47131810896185
1999-01-31,118151.29719522204,14.993216935569984,287.0,12.515549619873944
1999-02-28,118073.13540452212,14.332751783920742,287.0,12.560940690332744
1999-03-31,121525.67289090432,14.439672119154949,286.0,12.606496383947537
1999-04-30,126690.5408541408,14.382315240841343,283.0,12.6507020074642
1999-05-31,126565.3303754954,14.14508211409307,276.0,12.697190926123357
1999-06-30,125791.0452617614,14.032983472085256,261.0,12.74456184361005
1999-07-31,131480.30550913227,13.986884644228972,256.0,12.791905591215428
1999-08-31,126518.23416060656,13.994061607642044,257.0,12.841163676590854
1999-09-30,125762.13707185951,14.14658757787203,265.0,12.890201049410912
1999-10-31,124161.98263336992,14.09131888681333,311.0,12.941278364803804
1999-11-30,132985.00320766662,13.997482215658,293.0,12.994724403338184
1999-12-31,136720.32664128242,13.797277271500938,283.0,13.049735771399993
2000-01-31,136557.90764150282,13.645238653738035,284.0,13.10622509220712
2000-02-29,133174.08338615016,13.977168718681751,300.0,13.16535200993188
2000-03-31,138422.59866183947,14.452480849501477,286.0,13.226206542010466
2000-04-30,140394.49754584907,14.31467507363894,280.0,13.287028022705076
2000-05-31,136408.8268544939,14.326637657204245,275.0,13.34949700875445
2000-06-30,140723.93274883568,14.675470589397165,286.0,13.411202718813657
2000-07-31,141919.6322718115,14.738433996842671,282.0,13.476058564119532
2000-08-31,143252.33009345425,15.153181856264537,274.47,13.542611723837991
2000-09-30,141704.7678789384,15.146723736966472,274.0,13.608531071190582
2000-10-31,134315.74119817332,15.253744688030988,270.0,13.675953288908453
2000-11-30,133277.85132379725,15.660795114868638,266.0,13.744356992166315
2000-12-31,128852.71343052547,16.165032306911527,271.45,13.808758539063964
2001-01-31,129438.19635184453,16.1474290207414,265.49,13.866666648165232
2001-02-28,126672.25519370544,16.555187753264786,262.0,13.921834454120397
2001-03-31,115169.7288769488,16.610236980425757,263.0,13.972102810202465
2001-04-30,115685.73272890436,16.148993979010054,260.48,14.016382809709558
2001-05-31,123643.3832786614,16.123284818103834,272.0,14.05797983175833
2001-06-30,120689.21575977668,16.208442579369674,270.0,14.098225349827672
2001-07-31,117478.74377003474,16.7181230216069,268.0,14.138813760048578
2001-08-31,115075.45296218945,17.074817257095468,272.0,14.177805547986551
2001-09-30,102132.67867477612,17.47990643744903,283.0,14.208625552651526
2001-10-31,105384.61533607011,17.965896277476865,283.0,14.233951320949757
2001-11-30,110709.85402053478,17.35749506961466,276.0,14.255944690823682
2001-12-31,112332.91515200867,17.03932558934583,276.0,14.275867957586478
2002-01-31,111998.48490497992,17.111316739960817,282.0,14.295350375595978
2002-02-28,108243.40677449836,17.436110560174487,296.0,14.315680601347475
2002-03-31,113596.30894642536,16.794956376591703,294.0,14.336861609046665
2002-04-30,109604.8915535301,17.270635029653906,303.0,14.35713324428784
2002-05-31,106514.47536651684,17.384031890484717,314.0,14.377669116633497
2002-06-30,100208.64735686388,17.754933754298463,321.0,14.397880480318426
2002-07-31,89427.04203681709,18.31820670430228,313.29,14.417883949608354
2002-08-31,90444.7691943538,18.93284149674111,310.26,14.437205050023376
2002-09-30,86140.99037567775,19.795574853469425,319.14,14.45667058763351
2002-10-31,84964.15071600305,19.372176563093735,316.56,14.47556873716825
2002-11-30,90594.26136267484,18.984976599027934,319.0,14.490323200435004
2002-12-31,89657.3019321246,19.65722904916985,332.0,14.50461498764738
2003-01-31,89458.21415638321,19.448938918339472,356.86,14.518681712872777
2003-02-28,83720.03252689449,19.977843146537904,359.0,14.532762080153391
2003-03-31,84815.42204645417,19.84351140196471,341.0,14.546376728305065
2003-04-30,89298.50638839608,19.809745753307308,328.0,14.560004130993232
2003-05-31,94042.09274108162,20.735871895530988,356.0,14.572923564046135
2003-06-30,99406.28803384466,20.50154298674631,356.0,14.584049302818938
2003-07-31,99999.82473508587,19.022829835057045,351.0,14.59494247813945
2003-08-31,99834.67634874552,19.154363955611885,360.0,14.606446801376112
2003-09-30,102991.80812811868,19.98784159587105,378.95,14.617839517335849
2003-10-31,105082.55094807458,19.46384541731141,379.0,14.628999547317331
2003-11-30,106356.91392630126,19.518554390763455,390.0,14.64028898118464
2003-12-31,109617.73917492115,19.69848995015139,406.953,14.651224163266352
2004-01-31,115029.107431249,19.942937981353133,414.0,14.66192530134088
2004-02-29,116280.86271283396,20.28717947991339,404.878,14.6732401445413
2004-03-31,114462.61821952688,20.570037615043994,406.67,14.684684957879476
2004-04-30,115572.41392516137,19.5482112142374,403.0,14.696138697927164
2004-05-31,112610.48728556796,19.42250109654438,383.78,14.708572394796615
2004-06-30,115830.17631158762,19.55903777578956,392.37,14.724049085285625
2004-07-31,113238.58456353928,19.82005342896409,398.0,14.740269598023852
2004-08-31,111668.91265441096,20.48520785102904,401.0,14.758327098735828
2004-09-30,114777.83435989788,20.53921096922507,405.0,14.778467933500671
2004-10-31,114896.38976424457,20.759628777473033,420.46,14.799970115261708
2004-11-30,120382.22390047269,20.31703913119481,439.375,14.825261004044242
2004-12-31,123666.38657792922,20.58625824016674,442.0,14.852049269899616
2005-01-31,122000.11599589522,20.824808655899677,424.0,14.880583543862963
2005-02-28,124053.45628495146,20.5316607775239,423.0,14.911719941066266
2005-03-31,123738.65972558944,20.378821575713214,434.0,14.945348115584304
2005-04-30,120759.90989283638,20.929540375239768,429.23,14.979538025729996
2005-05-31,122375.12253091807,21.35942973371949,421.87,15.014536341083556
2005-06-30,125045.77322227648,21.534884773850404,431.0,15.051200860150336
2005-07-31,127307.89953774624,21.020041423982537,424.48,15.091004179832291
2005-08-31,127704.13961156548,21.537794781468715,438.0,15.133597603067798
2005-09-30,128062.88059202522,21.060383745685645,456.05,15.17606669512736
2005-10-31,124704.40564175634,20.754621809000422,470.0,15.222206623898243
2005-11-30,129646.80307359516,20.96510580379316,477.0,15.2705709247298
2005-12-31,132428.78316007624,21.21033906391847,510.0,15.31921177507512
2006-01-31,134372.84132976987,21.053324162163605,550.0,15.37231541324092
2006-02-28,134352.11661824098,21.099564437891217,555.0,15.42794422079486
2006-03-31,136350.41119732376,20.67113632418713,557.0,15.484762451800805
2006-04-30,137440.8716101746,20.42082167749982,611.0,15.54290482647698
2006-05-31,136361.64776673322,20.428715351782156,675.0,15.602756247945454
2006-06-30,132673.92181751158,20.46889724512913,596.0,15.663710357768707
2006-07-31,133631.1689399557,20.809742997987172,633.71,15.7269020082373
2006-08-31,136695.6176024047,21.303071011120743,633.0,15.790473965397265
2006-09-30,140157.56788621706,21.5546259943824,598.0,15.852413521663692
2006-10-31,145227.84826105274,21.688861558384097,585.78,15.91598726047827
2006-11-30,148137.0992273447,22.030106270110405,627.827,15.980069771385612
2006-12-31,151321.78798920306,21.68070407337305,629.791,16.04326316204827
2007-01-31,152371.99570285005,21.563242013915637,631.17,16.108369687272322
2007-02-28,154805.73885438935,22.109302698634476,664.75,16.174382224082052
2007-03-31,150977.82909154645,22.03702494706212,654.895,16.239505110167038
2007-04-30,157291.121679485,22.157071102719,679.368,16.303983578051103
2007-05-31,162628.07813493232,21.778424599438985,667.31,16.366895939569616
2007-06-30,163191.01761905962,21.649060538537032,655.66,16.42848143641042
2007-07-31,164131.17020473047,22.162181456947305,665.38,16.493054762217167
2007-08-31,157238.2712238926,22.67046245534089,665.41,16.54969816792213
2007-09-30,162075.37684149982,22.666935868555008,712.65,16.602413380458323
2007-10-31,166926.33239179212,22.951119514964212,754.6,16.655430096350305
2007-11-30,158905.59400127424,23.98716355414821,806.248,16.700149800592985
2007-12-31,160875.4584232748,23.930602943550532,803.0,16.74133687523913
2008-01-31,150202.7762079153,24.741094865869155,890.0,16.779227202164872
2008-02-29,147855.3812150666,25.10438238931443,922.0,16.808586311415834
2008-03-31,143973.48676360244,25.345677408195495,968.0,16.826134216993722
2008-04-30,150084.68235144258,24.753235669307585,910.0,16.844116238623766
2008-05-31,153932.00600811827,24.250593665832803,889.0,16.86820939252616
2008-06-30,147396.4063958346,24.47039465315375,889.0,16.89413483807874
2008-07-31,138437.38509914174,24.551758715375485,939.77,16.916913029282778
2008-08-31,141359.5826569511,24.954710494695497,839.0,16.940971527456487
2008-09-30,134507.55469188854,24.993572652476292,830.0,16.956842245316018
2008-10-31,107344.24492153613,24.749584907243975,807.0,16.96628086608452
2008-11-30,98105.48332906426,27.11569052523998,761.0,16.9689648573803
2008-12-31,97759.50033169088,28.815261677436062,816.0,16.969389023182096
2009-01-31,96684.9929572291,27.33636363074943,858.69,16.971226279218005
2009-02-28,90201.16891462207,27.052338109150217,943.0,16.975463263085935
2009-03-31,85067.51860840448,27.846352449601593,924.27,16.97843111368275
2009-04-30,95544.1136482351,26.849431325320904,890.2,16.98069324607967
2009-05-31,101901.95555612889,26.22699792600857,928.645,16.983238251119193
2009-06-30,104820.1427287658,26.172164469978647,946.0,16.985783637594885
2009-07-31,106154.05584528536,26.27089868044431,934.0,16.988329405563917
2009-08-31,114769.23088456724,26.611460917064843,949.38,16.990734212392365
2009-09-30,118953.36592156958,26.88796352002306,996.59,16.99243235203904
2009-10-31,121807.23064091876,26.737499370606077,1043.0,16.993423259383636
2009-11-30,124353.5488007617,27.26474685153851,1127.0,16.994131156474335
2009-12-31,127116.7514679894,25.912882026801597,1135.0,16.99483908305399
2010-01-31,128840.06315596835,26.467001155265525,1117.963,16.99568859141864
2010-02-28,125104.04380323803,26.590843847446585,1095.0,16.997245744630614
2010-03-31,132537.39445394737,26.17085955453312,1113.0,16.999368941046196
2010-04-30,137955.8780397373,26.57796745432219,1149.0,17.00163386310827
2010-05-31,129841.21422424405,27.50751389701915,1205.0,17.003899086938716
2010-06-30,125240.65638463922,28.38222809787907,1233.0,17.00559854234933
2010-07-31,125042.42778414776,28.525328743006817,1193.0,17.007864294416418
2010-08-31,126123.3058424309,29.769918300507808,1216.0,17.010130348362466
2010-09-30,130376.11625046573,29.675108955306527,1271.0,17.0122551542473
2010-10-31,136345.22670894704,29.47969664520307,1342.02,17.01409705134942
2010-11-30,139742.69809408273,29.08727267049787,1369.89,17.01608075678262
2010-12-31,144933.603521079,27.958566598407337,1391.0,17.018064693499753
2011-01-31,149953.7547238308,27.755307456618095,1360.0,17.020190490496528
2011-02-28,154680.86680341227,27.834410082869457,1375.0,17.022033246748283
2011-03-31,152962.37913953082,27.79781958776151,1423.0,17.02345109978681
2011-04-30,156362.61147450336,28.228129534592696,1481.0,17.024302038359036
2011-05-31,157396.37671518634,28.954619196796692,1513.0,17.02486941108283
2011-06-30,151634.54961789836,28.71006668746878,1529.0,17.02543680271558
2011-07-31,156340.60107598818,29.675732528511656,1573.0,17.026004213257917
2011-08-31,140082.9198896854,31.298400379868152,1759.0,17.026287953986177
2011-09-30,138980.080029983,32.231590938369195,1772.0,17.026429833216447
2011-10-31,143179.86884998088,31.565841266707828,1666.43,17.026713581037722
2011-11-30,145714.15060462191,31.877042430326668,1739.0,17.02685546381472
2011-12-31,147983.7683227974,32.479443485065936,1640.0,17.026997347774024
2012-01-31,155064.21955925063,32.70721420460327,1654.0,17.02742296418863
2012-02-29,161521.98308433575,32.31595847043655,1745.0,17.02869949442775
2012-03-31,166183.0662702588,31.65232475069338,1676.0,17.029834325016246
2012-04-30,166122.79029158337,32.5092026102107,1649.0,17.030969231232387
2012-05-31,160991.24271199136,33.6359232762978,1589.0,17.032246027331887
2012-06-30,159139.19586456614,33.43455698665218,1599.0,17.033522919151615
2012-07-31,163792.03186458998,33.97414315164142,1594.0,17.034941729224283
2012-08-31,169345.06519684292,33.82960109805814,1630.0,17.03636065747697
2012-09-30,174465.51762658087,33.62625033102777,1745.0,17.037921537083314
2012-10-31,174092.26575882258,33.457921829681375,1746.58,17.03934071353958
2012-11-30,169157.991411261,33.812474617016186,1722.0,17.040618137241406
2012-12-31,172843.67642179396,33.36654837662503,1685.0,17.041611854522067
2013-01-31,180224.86367680764,32.69755621757691,1672.0,17.04260562975098
2013-02-28,184432.4573852009,33.136612052003464,1628.0,17.044025196369514
2013-03-31,189456.45959089804,33.24873960563778,1593.0,17.04530297126271
2013-04-30,192214.69774079337,33.816305978024076,1487.86,17.046155002128163
2013-05-31,201011.0597873839,32.47915749932867,1414.0,17.04672310315057
2013-06-30,198768.1581223071,31.51560987109627,1343.0,17.047433220559313
2013-07-31,205240.8766690484,31.36227000140275,1286.0,17.048001364181193
2013-08-31,205763.0286291694,30.94325302069537,1352.0,17.04856952673772
2013-09-30,208220.55280115403,31.391339918563048,1349.0,17.04885364352007
2013-10-31,212631.74953093237,31.65202255784723,1317.0,17.04956384968099
2013-11-30,220841.34840862607,31.22758562253553,1276.0,17.050558088627533
2013-12-31,224203.83584961045,30.528355899036814,1222.0,17.051552385552746
2014-01-31,226377.9696055359,31.58539757175353,1244.0,17.052120666454957
2014-02-28,226087.87574823096,31.683091660888376,1300.0,17.05283100871065
2014-03-31,232246.88239804292,31.56150638186019,1336.0,17.053541380557153
2014-04-30,232719.36122111976,31.79759816585951,1298.45,17.053967660481355
2014-05-31,236288.6904049508,32.39761706614517,1289.0,17.054393951061087
2014-06-30,243845.22215464697,32.32301935839735,1279.0,17.054962326664782
2014-07-31,247496.57399573823,32.25030412040981,1311.0,17.05538864210775
2014-08-31,246443.75293020473,32.973825702180235,1295.13,17.05581496820714
2014-09-30,250829.48004394307,32.54833302234032,1236.55,17.056099205735777
2014-10-31,244194.38874251815,33.10470261720866,1222.49,17.05638344800127
2014-11-30,258130.59766081427,33.670297836083556,1175.0,17.056667695003703
2014-12-31,259770.18741723665,33.761442913349676,1201.0,17.05709405307502
2015-01-31,256891.43220251863,35.33296315527496,1251.0,17.05752042180382
2015-02-28,264159.5957615184,34.367023476777646,1227.0,17.05780468775408
2015-03-31,264310.6715716964,34.61010613707591,1179.0,17.0582310742463
2015-04-30,266635.68479492835,34.32498338342624,1199.0,17.05851535203968
2015-05-31,269249.080056689,34.16914389017038,1199.0,17.05879963457059
2015-06-30,268079.7936126676,33.536405227885325,1182.0,17.059083921839107
2015-07-31,267869.05277835205,34.04923402498529,1128.0,17.05951034030779
2015-08-31,261377.5780936507,34.081405954735864,1118.0,17.060505159280215
2015-09-30,249599.78169759453,34.601922427003856,1125.0,17.060789474971536
2015-10-31,260378.44000687465,34.35309985001651,1159.25,17.061073795401022
2015-11-30,268017.1028804927,34.26232796014262,1086.44,17.062778965140282
2015-12-31,265064.1039013665,34.14335213112715,1076.0,17.06604588865525
2016-01-31,248049.7474219545,35.22300053419712,1098.0,17.069739132878492
2016-02-29,246687.45908251763,35.92137505495792,1200.0,17.074142562444816
2016-03-31,262385.27304933174,35.84289640515046,1245.0,17.078263339228705
2016-04-30,269816.1737060173,35.73364195812594,1242.0,17.081533227458035
2016-05-31,268997.0414849585,35.75576734801062,1260.95,17.085371824483026
2016-06-30,271867.9667976044,36.96503080866505,1276.0,17.08921128412538
2016-07-31,280834.7126021519,37.11341542315883,1336.66,17.093477723764757
2016-08-31,284204.7117283563,36.74959746885155,1340.0,17.09774522855026
2016-09-30,282960.0601717764,36.73055987925515,1327.0,17.101871701744265
2016-10-31,281530.7768846473,35.98111408928533,1266.55,17.10656761811372
2016-11-30,284914.85851223586,34.356970660600844,1238.35,17.112969388023966
2016-12-31,296159.94500306173,34.18365052608906,1157.0,17.12022545453701
2017-01-31,300420.1332654748,34.25344214591316,1192.0,17.12748459769327
2017-02-28,308162.7878569553,34.59514375903113,1234.0,17.134888877344615
2017-03-31,313555.8449599624,34.54144147413668,1231.0,17.145419722581835
2017-04-30,313076.0472770672,34.946693802060956,1266.88,17.156808304341023
2017-05-31,318377.5591098196,35.26177286869137,1246.04,17.169481324509285
2017-06-30,324036.4083715561,35.01505415853745,1260.0,17.183440478129608
2017-07-31,327241.0256461014,35.11342268015699,1237.0,17.19868774776487
2017-08-31,328055.4649372544,35.74487573089329,1283.0,17.213096729402437
2017-09-30,333482.60926397244,35.145308168070194,1314.07,17.227802011353504
2017-10-31,342605.51292919554,35.05879436244956,1280.0,17.243088644017337
2017-11-30,348054.29236769996,35.005084381617046,1281.9,17.260663947801447
2017-12-31,358093.22323097417,35.13726910147188,1264.0,17.27953676793139
2018-01-31,375507.3461397019,34.23476076074444,1331.0,17.299710182524723
2018-02-28,364671.6271821409,33.87141431378645,1331.0,17.322182716242242
2018-03-31,364911.1323959891,34.33305347193617,1325.0,17.346533320770323
2018-04-30,358842.8265696894,33.79490581192823,1335.0,17.37177195268166
2018-05-31,365885.6820088904,34.22692881013608,1303.0,17.39847134426679
2018-06-30,373620.4603700143,34.24880527692096,1282.0,17.42578190267725
2018-07-31,379531.5226029878,34.00813260378756,1238.0,17.453991485165773
2018-08-31,388838.19442886696,34.384193670802645,1202.0,17.48324661383923
2018-09-30,395374.79747735144,33.910323348046475,1198.0,17.513980478995776
2018-10-31,380162.2133273002,33.709457488599824,1215.0,17.54648533275989
2018-11-30,372274.9795101983,34.20029222232014,1220.65,17.580196251063505
2018-12-31,351572.4927110024,35.23438924978729,1250.4,17.614545596890974
2019-01-31,357679.0395332364,35.49715914571269,1291.75,17.648962056733666
2019-02-28,378532.336719286,35.26794974637384,1320.07,17.683733636792628
2019-03-31,385910.7717739159,36.34033145555596,1301.0,17.7187179247708
2019-04-30,400283.4251745395,36.09543266178927,1286.0,17.7534824362753
2019-05-31,394156.2842853007,37.36152428695461,1284.0,17.787880728286332
2019-06-30,399697.5532856004,37.897978186717054,1359.0,17.819731590460236
2019-07-31,414999.742677031,37.89312836632855,1413.0,17.85061993600024
2019-08-31,401996.3292697994,39.77311228215914,1500.0,17.879371125651623
2019-09-30,414403.2342595578,39.16889363325126,1511.0,17.907290104618987
2019-10-31,414447.7944045622,39.18796873628411,1495.0,17.931728360301378
2019-11-30,432827.0776140492,38.922677589635875,1471.0,17.95457989633812
2019-12-31,443518.9123483998,38.488900702486056,1479.0,17.977460553533113
2020-01-31,458366.0172326732,40.00452284914496,1561.0,18.000074886173078
2020-02-29,458930.7827198412,41.48425091121376,1597.0,18.022717665992175
2020-03-31,372116.8077569041,43.23968135741929,1592.0,18.027067377625947
2020-04-30,388187.4849472018,43.5154374566448,1683.0,18.02916918716622
2020-05-31,411041.88849116047,43.49664632993574,1716.0,18.03112118436932
2020-06-30,437794.0007579217,43.478248498432414,1732.0,18.03352357261773
2020-07-31,453010.37305281847,43.966255577123775,1846.51,18.035476041265085
2020-08-31,479705.3052605078,43.267790446971965,1969.0,18.036978309186654
2020-09-30,476694.27949634305,43.418761182411,1922.0,18.038630865866388
2020-10-31,484919.78208670515,42.657393068913514,1900.0,18.040133396569587
2020-11-30,504091.8252208569,42.851678898228656,1866.0,18.041485848778407
2020-12-31,525564.2890623906,42.515030830666866,1858.0,18.04283840237933
2021-01-31,540252.8363677207,41.827476967848,1867.0,18.044040817450956
2021-02-28,553710.8368093246,40.589461237166134,1808.0,18.04464217523724
2021-03-31,558256.2267843767,39.5295515292027,1718.0,18.04509322927505
2021-04-30,591872.4665811597,39.912365866477344,1760.0,18.0453939532635
2021-05-31,596372.9873170524,40.22380963771667,1850.0,18.045694682263555
2021-06-30,607170.7805839439,40.76027091454208,1835.0,18.04629609516856
2021-07-31,625805.5322792014,41.60982178194324,1808.0,18.047047851910488
2021-08-31,639485.9311100802,41.42012163472322,1785.0,18.04779963996843
2021-09-30,638951.1141006408,40.62560331780137,1775.14,18.048401123025837
2021-10-31,641844.8600502313,40.56496272667781,1777.0,18.04915296745716
2021-11-30,672303.3229275192,41.06793221832734,1822.0,18.049904843208164
2021-12-31,674092.2122794078,40.77637565970439,1790.0,18.05080709035923
2022-01-31,660266.457708297,39.828273633319,1816.02,18.05306189148927
2022-02-28,641108.0695840678,39.743299018337055,1856.0,18.05801899035737
2022-03-31,635391.9584144892,38.084398315744544,1947.83,18.06462694850182
2022-04-30,636151.8783838972,36.2970641038251,1937.0,18.076028218768695
2022-05-31,586077.6062122271,36.5092811678479,1849.0,18.09072441430204
2022-06-30,566338.6562529787,36.190729504187786,1837.0,18.11303510721749
2022-07-31,568975.5873837754,37.25375839076466,1733.0,18.146355953486285
2022-08-31,605664.9301051702,35.823596126253534,1765.0,18.185655217486794
2022-09-30,561593.497858121,33.92678489299747,1680.78,18.232422288966195
2022-10-31,544240.1482989951,33.29587722387543,1664.0,18.288001423032114
2022-11-30,573010.251384993,34.56180111018637,1725.0,18.35007539738337
2022-12-31,573078.8588842115,34.10381466256697,1798.0,18.413832642665383
2023-01-31,580972.2877739079,35.23387080840628,1897.71,18.48208938608925
2023-02-28,599260.5771538701,34.18989507216428,1855.0,18.552224983863063
2023-03-31,583772.3955636843,35.553509296584444,1913.0,18.62321979915927
2023-04-30,607103.2753337042,35.77524640852732,2000.0,18.697905443069597
2023-05-31,611583.8932212605,35.28696700274877,1992.0,18.776167759866
2023-06-30,641811.5597729149,34.902840967223646,1943.0,18.85505651023949
2023-07-31,665842.7397025422,34.56005279178296,1951.0,18.935626575745868
2023-08-31,658351.8678314046,34.339524395326386,1919.0,19.01729359575009
2023-09-30,666979.217332662,33.10459347427221,1916.0,19.099615109199284
2023-10-31,,32.4856814491198,1916.0,19.182596502949256
2023-11-30,,33.93655673136826,1984.0,19.26487122255778
2023-12-31,,35.41639943819142,2026.0,19.347039287597365
2024-01-31,,35.21477765991514,2034.04,19.429250084725393
2024-02-29,,34.5984951866183,2023.0,19.51211925453135
2024-03-31,,34.859956649482086,2158.0,19.59534187592573
2024-04-30,,33.64350090660273,2331.45,19.67891945644174
2024-05-31,,34.253908287510086,2351.0,19.76300999357905
2024-06-30,,34.79200460506703,2326.0,19.847302708114764
2024-07-31,,35.67683737293479,2398.0,19.93132351843912
2024-08-31,,36.321614187383105,2470.0,20.01332017221695
2024-09-30,,36.73736374255836,2571.0,20.09038592498219
2024-10-31,,35.47342710792174,2690.0,20.16437505614236
2024-11-30,,35.885104090768294,2651.0,20.23718370710248
2024-12-31,,34.87909948888048,2648.0,20.30782233246893
2025-01-31,,35.012221385263025,2710.0,20.37773005813253
2025-02-28,,36.099753183956466,2894.73,20.448041942233697
2025-03-31,,36.25625338013679,2983.0,20.51826827400211
2025-04-30,,36.55901414811792,3218.0,20.58890043958383
2025-05-31,,35.98877379755594,3309.0,20.660436471288673
2025-06-30,,36.61136272868705,3353.0,20.731889575053785
2025-07-31,,36.36171186393304,3340.0,20.803922421795367
2025-08-31,,36.902323712929714,3368.03,20.87403491555032
2025-09-30,,37.240261263173345,3667.68,20.941028140848296
2025-10-31,,37.519562453606504,4058.33,21.006550982898386
2025-11-30,,37.921675915763515,4087.0,21.071602156773405
2025-12-31,,37.560991072520096,4309.0,21.133627293795055
2026-01-31,,37.451232929738694,4753.0,21.1954939529519
2026-02-28,,38.46627919041014,5020.0,21.258054772840985
2026-03-31,,37.57936418454438,4856.0,21.3209717396079
2026-04-30,,37.415206691375055,4721.0,21.384074920247603
2026-05-31,,37.40400388279616,4587.0,21.44719235749864
2026-06-30,,37.5723946324506,4228.0,21.511533968659545
2026-07-31,,37.35571226138857,,
