date,price,sma10,signal,monthly_ret_bh,monthly_ret_timing,equity_bh,equity_timing,drawdown_bh_pct,drawdown_timing_pct
1973-01-31,6.674935830605997,6.378055223124736,1.0,0.015625,0.015625,1.015625,1.015625,0.0,0.0
1973-02-28,7.619695978937923,6.636837350711308,1.0,0.1415384615384616,0.1415384615384616,1.159375,1.159375,0.0,0.0
1973-03-31,8.626070919552365,6.934642180076805,1.0,0.13207547169811318,0.13207547169811318,1.3125,1.3125,0.0,0.0
1973-04-30,9.344910162848397,7.231522787558066,1.0,0.08333333333333348,0.08333333333333348,1.4218750000000002,1.4218750000000002,0.0,0.0
1973-05-31,10.470407035209035,7.600800775971285,1.0,0.12043956043956006,0.12043956043956006,1.5931249999999997,1.5931249999999997,0.0,0.0
1973-06-30,12.32295845650338,8.14506477446685,1.0,0.17693213024715626,0.17693213024715626,1.8750000000000004,1.8750000000000004,0.0,0.0
1973-07-31,12.32295845650338,8.709867037056588,1.0,0.0,0.0,1.8750000000000004,1.8750000000000004,0.0,0.0
1973-08-31,10.98797129038218,9.141170583034206,1.0,-0.10833333333333339,-0.10833333333333339,1.6718750000000002,1.6718750000000002,-10.8333,-10.8333
1973-09-30,10.577206008498734,9.551935864917652,1.0,-0.03738317757009346,-0.03738317757009346,1.6093750000000002,1.6093750000000002,-14.1667,-14.1667
1973-10-31,10.26913204708615,9.921624618612753,1.0,-0.029126213592233108,-0.029126213592233108,1.5625000000000002,1.5625000000000002,-16.6667,-16.6667
1973-11-30,9.747460139094173,10.228877049461572,1.0,-0.050799999999999956,-0.050799999999999956,1.4831250000000002,1.4831250000000002,-20.9,-20.9
1973-12-31,10.98797129038218,10.565704580605999,0.0,0.12726506531816284,0.006005916720039028,1.6718750000000004,1.492032525235408,-10.8333,-20.4249
1974-01-31,13.266691691630596,11.02976665781382,1.0,0.2073831775700934,0.2073831775700934,2.0185937500000004,1.8014549713566577,0.0,-3.9224
1974-02-28,15.403698070629224,11.635645448591903,1.0,0.1610805789921821,0.1610805789921821,2.343750000000001,2.091634381171133,0.0,0.0
1974-03-31,17.25214183910473,12.313818928981473,1.0,0.1200000000000001,0.1200000000000001,2.625000000000001,2.342630506911669,0.0,0.0
1974-04-30,17.662907120988177,12.847813795429953,1.0,0.023809523809523725,0.023809523809523725,2.687500000000001,2.398407423742899,0.0,0.0
1974-05-31,16.738685236750424,13.289386473454655,1.0,-0.05232558139534882,-0.05232558139534882,2.546875000000001,2.272909360872631,-5.2326,-5.2326
1974-06-30,15.824732484559757,13.773062592872416,1.0,-0.05460122699386505,-0.05460122699386505,2.407812500000001,2.1488057209231437,-10.407,-10.407
1974-07-31,14.684858827333194,14.18382787475586,1.0,-0.07203114860480209,-0.07203114860480209,2.234375000000001,1.99402477671648,-16.8605,-16.8605
1974-08-31,15.917154672983532,14.7486301373456,1.0,0.08391608391608396,0.08391608391608396,2.421875000000001,2.1613555272101705,-9.8837,-9.8837
1974-09-30,15.609080711570948,15.334792194593273,1.0,-0.019354838709677358,-0.019354838709677358,2.375000000000001,2.119522839586748,-11.6279,-11.6279
1974-10-31,16.327919954866978,15.868787061041754,1.0,0.046052631578947345,0.046052631578947345,2.484375000000001,2.217132444041401,-7.5581,-7.5581
1974-11-30,18.689820325696793,16.411099924448376,1.0,0.14465408805031443,0.14465408805031443,2.843750000000001,2.5378497158209745,0.0,0.0
1974-12-31,18.89520296663851,16.760250414049302,1.0,0.010989010989010728,0.010989010989010728,2.8750000000000004,2.565738174236589,0.0,0.0
1975-01-31,18.073672402871622,16.842403470425996,1.0,-0.04347826086956508,-0.04347826086956508,2.750000000000001,2.4541843405741286,-4.3478,-4.3478
1975-02-28,18.443361156566723,16.92044887398385,1.0,0.020454545454545503,0.020454545454545503,2.806250000000001,2.504383565722236,-2.3913,-2.3913
1975-03-31,18.279055043813344,17.074485854690142,1.0,-0.008908685968819663,-0.008908685968819663,2.781250000000001,2.4820727989897438,-3.2609,-3.2609
1975-04-30,17.45752448004645,17.23776505423881,1.0,-0.0449438202247191,-0.0449438202247191,2.6562500000000004,2.370518965327283,-7.6087,-7.6087
1975-05-31,17.14945051863387,17.484224223368876,1.0,-0.017647058823529238,-0.017647058823529238,2.609375000000001,2.328686277703861,-9.2391,-9.2391
1975-06-30,16.866022474134294,17.579111003483952,0.0,-0.01652694610778438,0.004344663139834726,2.566250000000001,2.33880363513884,-10.7391,-8.8448
1975-07-31,16.944067877692145,17.712609720096076,0.0,0.004627374573794363,0.004970191610521146,2.578125000000001,2.3504279373448633,-10.3261,-8.3917
1975-08-31,16.738685236750424,17.753686248284417,0.0,-0.012121212121211977,0.005214486701150323,2.5468750000000013,2.3626842125661605,-11.413,-7.9141
1975-09-30,14.787550147804057,17.363459230495145,0.0,-0.1165644171779141,0.005198745421764794,2.250000000000001,2.3749672062993143,-21.7391,-7.4353
1975-10-31,14.684858827333194,16.942424816564614,0.0,-0.006944444444444531,0.0048359454901756305,2.234375000000001,2.3864524182499327,-22.2826,-6.9877
1975-11-30,14.582167506862332,16.593274326963684,0.0,-0.006993006993007089,0.004455829106839726,2.2187500000000004,2.397086042397259,-22.8261,-6.5732
1975-12-31,14.274093545449748,16.176347565851987,0.0,-0.021126760563380254,0.004424081209782216,2.171875000000001,2.4076909457156597,-24.4565,-6.1599
1976-01-31,13.4576975477064,15.694211816241292,0.0,-0.057194244604316435,0.00397047000180395,2.047656250000001,2.417250610389239,-28.7772,-5.7873
1976-02-29,13.452562981682856,15.293715666404932,0.0,-0.00038153376573835107,0.0039784475501516425,2.046875000000001,2.4268675151582446,-28.8043,-5.4125
1976-03-31,13.657945622624576,14.944565176804002,0.0,0.015267175572518887,0.0040741237836483535,2.078125,2.4367548738215143,-27.7174,-5.0271
1976-04-30,13.14448902027027,14.5724118314176,0.0,-0.037593984962405846,0.00396249175611052,2.0000000000000004,2.446410494920694,-30.4348,-4.6508
1976-05-31,13.04179769979941,14.182184813628329,0.0,-0.007812499999999889,0.0042333616592646894,1.9843750000000009,2.4567670353127142,-30.9783,-4.2472
1976-06-30,12.939106379328548,13.802226927886139,0.0,-0.007874015748031593,0.004400263040968522,1.9687500000000007,2.4675774564984705,-31.5217,-3.8258
1976-07-31,12.117575815561656,13.5352294946619,0.0,-0.06349206349206349,0.004257223401870069,1.8437500000000007,2.4780824849922025,-35.8696,-3.4164
1976-08-31,11.288856859361804,13.195629297864759,0.0,-0.06838983050847458,0.004185619455328693,1.7176562500000006,2.488454795253295,-40.2554,-3.0121
1976-09-30,11.70681053367821,12.908093600546348,0.0,0.0370235604475575,0.004137852270334141,1.7812500000000007,2.498751653577458,-38.0435,-2.6108
1976-10-31,11.912193174619931,12.671903563463365,0.0,0.01754385964912264,0.0040103507726254595,1.8125000000000004,2.5087725242019814,-36.9565,-2.2202
1976-11-30,13.349871661211994,12.661120974813924,0.0,0.12068965517241392,0.0038746849921291737,2.031250000000001,2.518493227450173,-29.3478,-1.8414
1976-12-31,13.76063694309544,12.691928370955186,1.0,0.03076923076923066,0.03076923076923066,2.0937500000000004,2.5959853267563315,-27.1739,0.0
1977-01-31,13.555254302153717,12.681659238908098,1.0,-0.014925373134328401,-0.014925373134328401,2.0625000000000004,2.557239277103252,-28.2609,-1.4925
1977-02-28,13.966019584037165,12.763812295284788,1.0,0.030303030303030498,0.030303030303030498,2.125000000000001,2.6347313764094116,-26.087,0.0
1977-03-31,15.1983154296875,12.979464068273595,1.0,0.08823529411764697,0.08823529411764697,2.312500000000001,2.867207674327889,-19.5652,0.0
1977-04-30,15.30100675015836,13.215654105356577,1.0,0.006756756756756577,0.006756756756756577,2.3281250000000004,2.886580699154428,-19.0217,0.0
1977-05-31,15.09562410921664,13.513458934722076,1.0,-0.013422818791946067,-0.013422818791946067,2.296875000000001,2.8478346495013493,-20.1087,-1.3423
1977-06-30,14.47947618639147,13.832520867425043,1.0,-0.0408163265306124,-0.0408163265306124,2.2031250000000004,2.73159650054211,-23.3696,-5.3691
1977-07-31,14.684858827333194,14.13032569679054,1.0,0.014184397163120588,0.014184397163120588,2.2343750000000004,2.7703425501951897,-22.2826,-4.0268
1977-08-31,14.890241468274915,14.428130526156039,1.0,0.013986013986013957,0.013986013986013957,2.2656250000000004,2.809088599848269,-21.1957,-2.6846
1977-09-30,15.35543315000792,14.628686675035633,1.0,0.031241379310344985,0.031241379310344985,2.336406250000001,2.8968484023124947,-18.7337,0.0
1977-10-31,16.327919954866978,14.885414976212786,1.0,0.06333177288838354,0.06333177288838354,2.484375000000001,3.0803109474198265,-13.587,0.0
1977-11-30,16.63599391627956,15.19348893762537,1.0,0.01886792452830166,0.01886792452830166,2.5312500000000004,3.1384300218994454,-11.9565,0.0
1977-12-31,16.43061127533784,15.439948106755438,1.0,-0.012345679012345623,-0.012345679012345623,2.5000000000000004,3.099683972246366,-13.0435,-1.2346
1978-01-31,17.765598441459037,15.696676407932591,1.0,0.08125000000000004,0.08125000000000004,2.7031250000000004,3.351533294991383,-5.9783,0.0
1978-02-28,18.279055043813344,15.99448123729809,1.0,0.028901734104046284,0.028901734104046284,2.781250000000001,3.448398419124082,-3.2609,0.0
1978-03-31,18.89520296663851,16.374439123040275,1.0,0.033707865168539186,0.033707865168539186,2.8750000000000004,3.5646365680833205,0.0,0.0
1978-04-30,17.999734652132602,16.72646496961439,1.0,-0.0473913043478259,-0.0473913043478259,2.738750000000001,3.395703791595894,-4.7391,-4.7391
1978-05-31,18.10550671221759,17.06852975810283,1.0,0.005876312186216426,0.005876312186216426,2.754843750000001,3.4156580071672304,-4.1793,-4.1793
1978-06-30,18.89520296663851,17.46902590793919,1.0,0.04361635755203874,0.04361635755203874,2.8750000000000004,3.5646365680833205,0.0,0.0
1978-07-31,19.40865956899282,17.87434854983768,1.0,0.027173913043478493,0.027173913043478493,2.953125000000001,3.66150169221602,0.0,0.0
1978-08-31,21.15441201699747,18.356997756050728,1.0,0.08994708994709,0.08994708994709,3.218750000000001,3.9908431142671965,0.0,0.0
1978-09-30,21.778775245460302,18.871275888968803,1.0,0.0295145631067959,0.0295145631067959,3.31375,4.108631105212558,0.0,0.0
1978-10-31,23.31092974688556,19.559307736123575,1.0,0.07035081101471152,0.07035081101471152,3.5468750000000004,4.397676635624531,0.0,0.0
1978-11-30,21.15441201699747,19.898189093677416,1.0,-0.09251101321585897,-0.09251101321585897,3.218750000000001,3.9908431142671965,-9.2511,-9.2511
1978-12-31,21.34439095986856,20.20472268528294,1.0,0.008980582524271696,0.008980582524271696,3.2476562500000004,4.026683210196294,-8.4361,-8.4361
1979-01-31,23.31092974688556,20.646295363307644,1.0,0.09213375030069781,0.09213375030069781,3.5468750000000013,4.397676635624532,0.0,0.0
1979-02-28,25.26206483583193,21.372528381677576,1.0,0.08370044052863435,0.08370044052863435,3.8437500000000018,4.765764107328788,0.0,0.0
1979-03-31,24.85129955394848,22.047107665850668,1.0,-0.016260162601626105,-0.016260162601626105,3.7812500000000018,4.688272008022629,-1.626,-1.626
1979-04-30,24.554521637787698,22.613039532965583,1.0,-0.011942148760330284,-0.011942148760330284,3.736093750000003,4.632283966273931,-2.8008,-2.8008
1979-05-31,26.494360681482263,23.321609644214526,1.0,0.07900129647442555,0.07900129647442555,4.031250000000001,4.998240405247265,0.0,0.0
1979-06-30,28.650878411370357,24.071256283651817,1.0,0.08139534883720945,0.08139534883720945,4.359375000000002,5.405073926604601,0.0,0.0
1979-07-31,30.29393953890414,24.9227727129962,1.0,0.057347670250896154,0.057347670250896154,4.609375000000003,5.7150423238292385,0.0,0.0
1979-08-31,30.910087461729308,25.682688484480575,1.0,0.02033898305084736,0.02033898305084736,4.703125000000002,5.831280472788477,0.0,0.0
1979-09-30,36.45541876715583,27.212789159496413,1.0,0.17940199335548157,0.17940199335548157,5.546875000000002,6.877423813421625,0.0,0.0
1979-10-31,40.254997624577705,29.103849825967323,1.0,0.10422535211267614,0.10422535211267614,6.125000000000003,7.594225732003598,0.0,0.0
1979-11-30,40.253970711373,30.79815392241607,1.0,-2.5510204081480303e-05,-2.5510204081480303e-05,6.124843750000005,7.594032001755333,-0.0026,-0.0026
1979-12-31,46.72455081424198,32.94440252025708,1.0,0.1607438965279726,0.1607438965279726,7.109375000000004,8.814726296075607,0.0,0.0
1980-01-31,69.34847562717746,37.394120127579974,1.0,0.48419780219780195,0.48419780219780195,10.551718750000006,13.082797395610589,0.0,0.0
1980-02-29,68.28972811312289,41.76764077511349,1.0,-0.01526706253424337,-0.01526706253424337,10.390625000000009,12.883061509648966,-1.5267,-1.5267
1980-03-31,56.890991540857264,44.80730386105099,1.0,-0.1669172932330827,-0.1669172932330827,8.656250000000009,10.73265575390305,-17.9636,-17.9636
1980-04-30,53.091412683435394,47.251357288257495,1.0,-0.06678700361010825,-0.06678700361010825,8.078125000000007,10.015853835321074,-23.4426,-23.4426
1980-05-31,52.76280045792863,49.49824338015994,1.0,-0.006189555125725499,-0.006189555125725499,8.028125000000006,9.953860155876148,-23.9164,-23.9164
1980-06-30,61.717483602987755,52.57898299428579,1.0,0.169715842740366,0.169715842740366,9.390625000000007,11.64318792075042,-11.0038,-11.0038
1980-07-31,66.05824571929107,55.53926568949932,1.0,0.07033277870216303,0.07033277870216303,10.051093750000009,12.462085680168256,-4.7445,-4.7445
1980-08-31,64.38745793523016,57.95251172056455,1.0,-0.025292645389960455,-0.025292645389960455,9.79687500000001,12.146886566240456,-7.1538,-7.1538
1980-09-30,69.21394999736064,60.84850964916332,1.0,0.07496012759170645,0.07496012759170645,10.531250000000012,13.057418733087829,-0.194,-0.194
1980-10-31,67.87896283123945,62.96395085086307,1.0,-0.01928783382789312,-0.01928783382789312,10.328125000000012,12.805569410342812,-2.119,-2.119
1980-11-30,64.18207529428844,62.44731081757417,1.0,-0.0544629349470499,-0.0544629349470499,9.765625000000012,12.10814051658738,-7.4499,-7.4499
1980-12-31,55.24793041332348,61.143131047594224,1.0,-0.1392000000000001,-0.1392000000000001,8.40625000000001,10.422687356678416,-20.3329,-20.3329
1981-01-31,57.23911511725348,61.17794340523385,0.0,0.036040892193308416,0.011729578286258091,8.70921875000001,10.544941083981769,-17.4616,-19.3984
1981-02-28,51.32101431851774,61.00090356874208,0.0,-0.10339259764258413,0.011560831296534735,7.80875000000001,10.666849368885577,-25.9955,-18.4666
1981-03-31,51.24296891495988,60.8489204144452,0.0,-0.0015207299503762206,0.010504657999398814,7.796875000000011,10.778900973436823,-26.108,-17.6101
1981-04-30,50.91435668945313,59.76860772309175,0.0,-0.006412825651302523,0.010749469835485082,7.746875000000013,10.89476844431046,-26.5819,-16.7245
1981-05-31,49.26102642987225,58.08888579414986,0.0,-0.0324727712787416,0.012663079087924523,7.4953125000000105,11.032729758765386,-28.966,-15.6699
1981-06-30,47.34994095590952,56.385134096217804,0.0,-0.038795080258494985,0.011516759371725582,7.2045312500000085,11.15979105261036,-31.7217,-14.6987
1981-07-31,42.00075007258235,53.663814103739966,0.0,-0.11297143724652436,0.011678253275549055,6.390625000000009,11.290117919024949,-39.4352,-13.7026
1981-08-31,42.10344139305321,51.086261959921345,0.0,0.0024449877750611915,0.01208805372790156,6.406250000000011,11.42659347102447,-39.2871,-12.6594
1981-09-30,45.594946289062506,49.227549059398754,0.0,0.08292682926829276,0.011494715485939944,6.9375000000000115,11.557938911947392,-34.2524,-11.6554
1981-10-31,44.978798366237335,48.200635854690134,0.0,-0.013513513513513598,0.01063827258853256,6.84375000000001,11.680895416654295,-35.1409,-10.7156
1981-11-30,42.4115153544658,46.71787587841137,0.0,-0.057077625570776225,0.008628509328950207,6.453125000000009,11.781684131727385,-38.8429,-9.9452
1981-12-31,42.10344139305321,45.79611858586492,0.0,-0.007263922518159882,0.008620927166673953,6.406250000000009,11.883253172527764,-39.2871,-9.1689
1982-01-31,39.43346706081081,44.61516840045001,0.0,-0.06341463414634141,0.009698862503578765,6.000000000000009,11.998507211143325,-43.1372,-8.2879
1982-02-28,38.4065538561022,43.36438811711492,0.0,-0.02604166666666663,0.010593755980407904,5.843750000000009,12.125616468667342,-44.618,-7.3163
1982-03-31,33.88813575538429,41.827099049666124,0.0,-0.11764705882352955,0.009998130389220483,5.156250000000007,12.246849963170758,-51.1336,-6.3897
1982-04-30,35.941962164801524,40.686301170555325,0.0,0.060606060606060774,0.010013068206860876,5.468750000000008,12.369478507171182,-48.172,-5.4523
1982-05-31,34.29890103726774,39.91611626702387,0.0,-0.04571428571428571,0.009556367746103689,5.218750000000008,12.487685792613238,-50.5412,-4.5488
1982-06-30,32.34571212191195,38.94034333990974,0.0,-0.05694610778443121,0.009841136397003458,4.9215625000000065,12.610578811781266,-53.3577,-3.6095
1982-07-31,34.80927690000792,37.86177640100428,0.0,0.07616356594069473,0.008999269421843037,5.2964062500000075,12.724064808073868,-49.8053,-2.742
1982-08-31,37.40325965510189,37.104222529890734,0.0,0.07451986901495733,0.006960579552361734,5.691093750000009,12.812631673399874,-46.0648,-2.065
1982-09-30,44.876107045766474,37.350681699020804,1.0,0.1997913406364109,0.1997913406364109,6.82812500000001,15.372484532508977,-35.289,0.0
1982-10-31,43.33573723870355,37.473911283585835,1.0,-0.034324942791762014,-0.034324942791762014,6.59375000000001,14.84482488036336,-37.5102,-3.4325
1982-11-30,42.61689799540752,37.7922543770455,1.0,-0.016587677725118488,-0.016587677725118488,6.48437500000001,14.59858370936207,-38.5467,-5.0343
1982-12-31,45.697637609533366,38.52136275238862,1.0,0.07228915662650603,0.07228915662650603,6.95312500000001,15.6539030136533,-34.1043,0.0
1983-01-31,49.394525146484376,40.072001691498635,1.0,0.08089887640449422,0.08089887640449422,7.515625000000009,16.92028617880278,-28.7735,0.0
1983-02-28,50.42143835119299,41.51994931013778,1.0,0.02079002079002068,0.02079002079002068,7.671875000000008,17.27205928023319,-27.2927,0.0
1983-03-31,43.13035459776182,42.40309466618719,1.0,-0.144602851323829,-0.144602851323829,6.562500000000006,14.774470260077273,-37.8063,-14.4603
1983-04-30,44.465341763883025,43.6150576303843,1.0,0.030952380952381064,0.030952380952381064,6.765625000000007,15.231775291936806,-35.8813,-11.8126
1983-05-31,44.978798366237335,44.632009777007234,1.0,0.011547344110854674,0.011547344110854674,6.843750000000009,15.407661842652011,-35.1409,-10.7943
1983-06-30,42.4115153544658,45.13283534694362,1.0,-0.057077625570776225,-0.057077625570776225,6.453125000000008,14.528229089075985,-38.8429,-15.8859
1983-07-31,41.38460214975718,44.78368485734269,0.0,-0.02421307506053283,0.007268905497554767,6.296875000000006,14.633833413371308,-40.3237,-15.2745
1983-08-31,42.71958931587838,44.72207006506018,0.0,0.032258064516129004,0.007468762058029155,6.500000000000007,14.743130033132612,-38.3987,-14.6417
1983-09-30,42.30882403399494,44.691262668918924,0.0,-0.009615384615384581,0.007207323316136716,6.437500000000007,14.849388537973246,-38.991,-14.0265
1983-10-31,40.460380265519426,44.16753693451753,0.0,-0.043689320388349606,0.006929689769370029,6.156250000000005,14.952290193806238,-41.6564,-13.4308
1983-11-30,39.22808441986909,43.150892861856,0.0,-0.030456852791878042,0.007022327866001321,5.968750000000005,15.05729007789474,-43.4334,-12.8228
1983-12-31,39.844232342694255,42.093172261006124,0.0,0.015706806282722363,0.007207323316136494,6.062500000000004,15.165812835750978,-42.5449,-12.1945
1984-01-31,38.087183849437814,41.588855186173724,0.0,-0.04409793814432994,0.007130287299957905,5.795156250000004,15.273949438407275,-45.0786,-11.5685
1984-02-29,39.638849701752534,41.10620597996068,0.0,0.0407398420016718,0.007276600359005236,6.031250000000005,15.385091864374214,-42.8411,-10.925
1984-03-31,40.460380265519426,40.654364169888886,0.0,0.020725388601036343,0.007606869255495363,6.156250000000007,15.502124246670292,-41.6564,-10.2474
1984-04-30,39.12539309939823,40.325751944382134,0.0,-0.03299492385786795,0.007737112912709954,5.953125000000007,15.62206593235364,-43.5815,-9.553
1984-05-31,38.71462781751478,40.058754511157886,0.0,-0.01049868766404205,0.007844233534404887,5.890625000000007,15.74460906581689,-44.1738,-8.8435
1984-06-30,38.81731913798564,39.668527493368615,0.0,0.0026525198938991412,0.00787481643642396,5.906250000000006,15.868594972073456,-44.0257,-8.1256
1984-07-31,35.706799040923244,39.00832499406145,0.0,-0.08013227513227528,0.008065728656571292,5.432968750000006,15.996586753279233,-48.5111,-7.3846
1984-08-31,35.7365795238598,38.53594491989548,0.0,0.0008340283569643336,0.008332339379302445,5.437500000000006,16.129875743018008,-48.4681,-6.6129
1984-09-30,34.9150489600929,38.10464137391786,0.0,-0.02298850574712663,0.008256243988965517,5.312500000000005,16.263047932664065,-49.6528,-5.8419
1984-10-31,35.01774028056377,37.62199216770482,0.0,0.002941176470588447,0.007775384657157547,5.328125000000006,16.38949938603832,-49.5047,-5.1098
1984-11-30,35.12043160103463,37.32531694286449,0.0,0.0029325513196480912,0.006906515589645723,5.343750000000006,16.50269371905448,-49.3566,-4.4544
1984-12-31,32.81398454325908,36.64283042701515,0.0,-0.0656725146198831,0.006480612418017673,4.992812500000005,16.609641280900927,-52.6825,-3.8352
1985-01-31,31.09390492537215,35.706182893000424,0.0,-0.05241910245978598,0.006247463339722259,4.731093750000005,16.713409405889298,-55.1628,-3.2344
1985-02-28,30.704704820787587,34.86411406513936,0.0,-0.012516925922256283,0.006643463998133647,4.671875000000004,16.82444433956339,-55.724,-2.5916
1985-03-31,32.24507462785051,34.21715874617293,0.0,0.050167224080267525,0.006836957827431656,4.906250000000004,16.939472355982954,-53.5028,-1.9256
1985-04-30,33.58006179397171,33.69343301177154,0.0,0.04140127388535042,0.006395193395115184,5.109375000000005,17.047803557710676,-51.5778,-1.2984
1985-05-31,32.450457268792235,33.367798834558435,0.0,-0.03363914373088672,0.006029320098462243,4.937500000000006,17.150590222335815,-53.2067,-0.7033
1985-06-30,32.553148589263095,33.04945574109877,0.0,0.0031645569620253333,0.005614976010647199,4.953125000000005,17.246890375002668,-53.0586,-0.1457
1985-07-31,32.553148589263095,32.81326570401579,0.0,0.0,0.005716781505363366,4.953125000000005,17.34548707892351,-53.0586,0.0
1985-08-31,33.88813575538429,32.70030525149784,0.0,0.04100946372239744,0.005763730449537263,5.156250000000006,17.445461790962355,-51.1336,0.0
1985-09-30,33.16929651208826,32.5051917426032,1.0,-0.021212121212121238,-0.021212121212121238,5.046875000000005,17.075406540851034,-52.1701,-2.1212
1985-10-31,33.47737047350085,32.57153033562737,1.0,0.009287925696594534,0.009287925696594534,5.093750000000007,17.234001648041605,-51.7259,-1.2121
1985-11-30,33.0666051916174,32.7688003622519,1.0,-0.0122699386503069,-0.0122699386503069,5.031250000000006,17.022541505120845,-52.3182,-2.4242
1985-12-31,33.0666051916174,33.004990399334886,1.0,0.0,0.0,5.031250000000006,17.022541505120845,-52.3182,-2.4242
1986-01-31,35.633888203388935,33.34387175688873,1.0,0.0776397515527949,0.0776397515527949,5.421875000000006,18.344167398375568,-48.6162,0.0
1986-02-28,34.81235763962204,33.467101341453755,1.0,-0.023054755043227626,-0.023054755043227626,5.296875000000006,17.921247112534054,-49.8008,-2.3055
1986-03-31,35.531196882918074,33.775175302866344,1.0,0.020648967551622377,0.020648967551622377,5.406250000000005,18.291302362645375,-48.7643,-0.2882
1986-04-30,34.9150489600929,34.01136533994933,1.0,-0.017341040462427793,-0.017341040462427793,5.312500000000005,17.97411214826424,-49.6528,-2.0173
1986-05-31,35.12043160103463,34.26809364112648,1.0,0.005882352941176672,0.005882352941176672,5.343750000000006,18.079842219724622,-49.3566,-1.4409
1986-06-30,35.22312292150549,34.4015923577386,1.0,0.0029239766081872176,0.0029239766081872176,5.359375000000007,18.132707255454807,-49.2085,-1.1527
1986-07-31,35.7365795238598,34.658320658915756,1.0,0.014577259475218707,0.014577259475218707,5.437500000000008,18.397032434105757,-48.4681,0.0
1986-08-31,38.679712768554694,35.17855488842114,1.0,0.08235632183908059,0.08235632183908059,5.885312500000008,19.912144358132974,-44.2241,0.0
1986-09-30,42.9249719568201,36.164391564941404,1.0,0.10975415494079521,0.10975415494079521,6.531250000000008,22.09758493521898,-38.1025,0.0
1986-10-31,43.49080113261455,37.20681115904112,1.0,0.013181818181818183,0.013181818181818183,6.617343750000008,22.388871282092325,-37.2866,0.0
1986-11-30,40.871145547402875,37.73053689344251,1.0,-0.0602347052017661,-0.0602347052017661,6.218750000000007,21.04028422061521,-41.0641,-6.0235
1986-12-31,40.15230630410685,38.264531759891,1.0,-0.01758793969849226,-0.01758793969849226,6.109375000000008,20.67022897050389,-42.1007,-7.6763
1987-01-31,41.92475849543391,38.903887921142584,1.0,0.044143222506393576,0.044143222506393576,6.379062500000007,21.582679487206946,-39.5448,-3.6009
1987-02-28,41.17921950881546,39.53030497601483,1.0,-0.017782785479841356,-0.017782785479841356,6.265625000000006,21.19887932780577,-40.6199,-5.3151
1987-03-31,41.991507853739975,40.217412601285375,1.0,0.01972568578553635,0.01972568578553635,6.3892187500000075,21.617041760431572,-39.4485,-3.4474
1987-04-30,44.978798366237335,41.192980145758554,1.0,0.07114034873199482,0.07114034873199482,6.843750000000009,23.154885649822763,-35.1409,0.0
1987-05-31,47.23800741659629,42.343122935032206,1.0,0.05022831050228316,0.05022831050228316,7.18750000000001,24.31791643588692,-31.8831,0.0
1987-06-30,46.21109421188767,43.096261079365505,1.0,-0.021739130434782705,-0.021739130434782705,7.031250000000008,23.78926607858503,-33.3639,-2.1739
1987-07-31,46.31378553235853,43.43514243691935,1.0,0.0022222222222221255,0.0022222222222221255,7.046875000000008,23.84213111431521,-33.2159,-1.9565
1987-08-31,47.35610243513777,43.82167256717167,1.0,0.022505543237250514,0.022505543237250514,7.205468750000008,24.37871122697663,-31.7128,0.0
1987-09-30,47.23800741659629,44.45835875409101,1.0,-0.0024937655860347574,-0.0024937655860347574,7.18750000000001,24.31791643588691,-31.8831,-0.2494
1987-10-31,47.75146401895059,45.21827452557538,1.0,0.01086956521739113,0.01086956521739113,7.265625000000008,24.58224161453785,-31.1427,0.0
1987-11-30,48.059537980363174,45.83175247406831,1.0,0.006451612903225712,0.006451612903225712,7.312500000000007,24.740836721728414,-30.6985,0.0
1987-12-31,49.90798174883869,46.704628698070636,1.0,0.03846153846153855,0.03846153846153855,7.593750000000009,25.692407364871816,-28.0331,0.0
1988-01-31,48.983759864600934,47.40385389915672,1.0,-0.01851851851851849,-0.01851851851851849,7.453125000000008,25.216622043300113,-29.3658,-1.8519
1988-02-29,45.396752040553736,47.44564926658837,1.0,-0.07322851153039844,-0.07322851153039844,6.907343750000007,23.370046345244614,-34.5382,-9.0391
1988-03-31,45.594946289062506,47.28134315383499,0.0,0.004365824416947772,0.0046302455190647684,6.937500000000008,23.47825539761502,-34.2524,-8.6179
1988-04-30,46.41647685282939,47.30188141792916,0.0,0.018018018018017834,0.00479642376289191,7.062500000000007,23.59086705971539,-33.0678,-8.1796
1988-05-31,46.31378553235853,47.30188141792916,0.0,-0.0022123893805309214,0.005072717471196864,7.046875000000008,23.71053686320989,-33.2159,-7.7138
1988-06-30,46.31378553235853,47.19764972765124,0.0,0.0,0.005230225269475142,7.046875000000008,23.834548312264666,-33.2159,-7.2312
1988-07-31,44.978798366237335,46.97172882261534,0.0,-0.028824833702882358,0.005442431089579092,6.843750000000009,23.964266199005408,-35.1409,-6.7263
1988-08-31,44.288712692673144,46.625453689987594,0.0,-0.015342465753424683,0.005701126498406817,6.738750000000008,24.100889512047438,-36.136,-6.1945
1988-09-30,42.4115153544658,46.06065142739786,0.0,-0.042385457243554026,0.005841925158329042,6.453125000000008,24.24168510482598,-38.8429,-5.6465
1988-10-31,41.79536743164063,45.24938999567805,0.0,-0.014527845036319653,0.005927862176151821,6.359375000000008,24.38538647304506,-39.7314,-5.0872
1988-11-30,43.13035459776182,44.66404946899414,0.0,0.03194103194103182,0.006247463339722481,6.562500000000007,24.537733281060373,-37.8063,-4.4942
1988-12-31,43.02766327729096,44.42714059266787,0.0,-0.0023809523809523725,0.0064883738308540995,6.546875000000008,24.696943267549685,-37.9544,-3.8745
1989-01-31,41.48729347022804,44.01637531078442,0.0,-0.0357995226730311,0.0066434639981338695,6.312500000000006,24.861016521011607,-40.1756,-3.2359
1989-02-28,39.844232342694255,43.35915085977091,0.0,-0.03960396039603964,0.006844689078480792,6.062500000000006,25.031182449272908,-42.5449,-2.5736
1989-03-31,40.04961498363598,42.73273380489864,0.0,0.005154639175257936,0.0070686117843383744,6.093750000000007,25.208118160509766,-42.2487,-1.885
1989-04-30,39.43346706081081,42.044701957743875,0.0,-0.015384615384615441,0.006937413192385611,6.000000000000006,25.382997291991707,-43.1372,-1.2043
1989-05-31,38.09847989468961,41.3566701105891,0.0,-0.03385416666666674,0.006767347165307802,5.796875000000006,25.55477284676269,-45.0623,-0.5357
1989-06-30,37.79040593327703,40.706839434649496,0.0,-0.008086253369272156,0.006550441444288291,5.750000000000006,25.722167889917493,-45.5065,0.0
1989-07-31,38.50924517657306,40.316612416860224,0.0,0.01902173913043481,0.0063407942831430475,5.859375000000006,25.88526686502393,-44.4699,0.0
1989-08-31,37.48233197186445,39.885308870882604,0.0,-0.026666666666666616,0.006356340187461118,5.703125000000007,26.04980242706124,-45.9507,0.0
1989-09-30,37.17425801045186,39.2896992121516,0.0,-0.008219178082191858,0.006239681461285951,5.656250000000007,26.212344896335534,-46.395,0.0
1989-10-31,37.68771461280617,38.75570434570313,0.0,0.013812154696132728,0.006154037076622876,5.734375000000008,26.373656638692815,-45.6546,0.0
1989-11-30,40.460380265519426,38.65301302523226,0.0,0.0735694822888282,0.006192976283291518,6.156250000000008,26.53698806875991,-41.6564,0.0
1989-12-31,42.040799687565986,38.87266975971944,1.0,0.03906091370558373,0.03906091370558373,6.396718750000009,27.57354706971984,-39.3775,0.0
1990-01-31,42.10344139305321,39.078052400661164,1.0,0.0014900217396613957,0.0014900217396613957,6.406250000000007,27.614632254293305,-39.2871,0.0
1990-02-28,42.82228063634924,39.416933758215,1.0,0.017073170731707332,0.017073170731707332,6.515625000000007,28.086101585464167,-38.2506,0.0
1990-03-31,40.357688945048565,39.6428546632509,1.0,-0.05755395683453235,-0.05755395683453235,6.140625000000007,26.46963530716407,-41.8045,-5.7554
1990-04-30,38.43119977301521,39.70693404722472,1.0,-0.04773536895674291,-0.04773536895674291,5.847500000000007,25.206097499626164,-44.5825,-10.2542
1990-05-31,37.89309725374789,39.6453192549422,0.0,-0.014001710132535372,0.00623189892078968,5.765625000000006,25.363179351431405,-45.3584,-9.6949
1990-06-30,36.18123294149863,39.51520935190562,0.0,-0.04517615176151768,0.006224115718115764,5.505156250000006,25.521042714694037,-47.8269,-9.1328
1990-07-31,37.27694933092272,39.5254784839527,0.0,0.03028410864814224,0.006138456751283217,5.671875000000005,25.67770253164584,-46.2469,-8.5751
1990-08-31,40.563071585990286,39.813014181271114,0.0,0.0881542699724518,0.006005916720039028,6.171875000000006,25.83192067461284,-41.5083,-8.026
1990-09-30,39.94692366316512,39.76166852103569,1.0,-0.015189873417721378,-0.015189873417721378,6.078125000000006,25.439537069428855,-42.3968,-9.423
1990-10-31,39.12539309939823,39.47012786221891,1.0,-0.020565552699228773,-0.020565552699228773,5.953125000000006,24.916358929183538,-43.5815,-11.2858
1990-11-30,39.22808441986909,39.1825921649005,0.0,0.002624671916010568,0.005701126498406817,5.968750000000007,25.058410243318523,-43.4334,-10.78
1990-12-31,38.71462781751478,38.771826883017056,1.0,-0.013089005235602191,-0.013089005235602191,5.890625000000005,24.730420580447863,-44.1738,-11.9478
1991-01-31,39.43346706081081,38.67940469459328,0.0,0.018567639257294433,0.005041183304461683,6.000000000000005,24.855091163790327,-43.1372,-11.5039
1991-02-28,37.379640651393586,38.57424878243111,1.0,-0.05208333333333326,-0.05208333333333326,5.687500000000005,23.560555165676256,-46.0988,-16.1131
1991-03-31,37.31186437988281,38.516125495044605,0.0,-0.0018131868131869844,0.00479642376289191,5.677187500000005,23.673561572339835,-46.1966,-15.7108
1991-04-30,36.763492728568416,38.57435147375159,0.0,-0.014696978037100128,0.004590634665871063,5.593750000000004,23.782238244758453,-46.9873,-15.3238
1991-05-31,36.660801408097555,38.51273668146907,0.0,-0.0027932960893854997,0.00443995653808682,5.578125000000005,23.88783034894361,-47.1354,-14.9479
1991-06-30,37.65896104307433,38.222325627177476,0.0,0.02722689075630247,0.004527221543640936,5.730000000000005,23.995975849130186,-45.6961,-14.5628
1991-07-31,37.79040593327703,38.00667385418866,0.0,0.003490401396160525,0.0045351505923965085,5.750000000000004,24.104801213217502,-45.5065,-14.1753
1991-08-31,36.55811008762669,37.749945553011514,0.0,-0.03260869565217406,0.0043367175322408524,5.5625000000000036,24.209336927250046,-47.2835,-13.8031
1991-09-30,35.81257110100824,37.40839422112542,0.0,-0.020393258426966154,0.004249270180617826,5.449062500000005,24.312208940747535,-48.3585,-13.4369
1991-10-31,36.86618404903928,37.223549844277876,0.0,0.029420198428628863,0.004066154593528548,5.609375000000005,24.411066140810775,-46.8392,-13.0849
1991-11-30,36.96887536951014,36.97709067514781,0.0,0.0027855153203339977,0.00372281948566644,5.625000000000004,24.50194413350568,-46.6911,-12.7613
1991-12-31,37.17425801045186,36.956552411053636,0.0,0.005555555555555536,0.003329995796502061,5.656250000000004,24.583535504476387,-46.395,-12.4708
1992-01-31,36.352727446684966,36.86063871773385,1.0,-0.02209944751381221,-0.02209944751381221,5.531250000000004,24.04025295189127,-47.5796,-14.4052
1992-02-29,36.352727446684966,36.8195621895455,0.0,0.0,0.003145024157516607,5.531250000000004,24.115860128177776,-47.5796,-14.136
1992-03-31,35.32581424197635,36.686063472933384,0.0,-0.02824858757062143,0.0033058903246372395,5.375000000000004,24.195584516845823,-49.0604,-13.8521
1992-04-30,34.81235763962204,36.40140313258816,0.0,-0.014534883720930258,0.003072541703255549,5.2968750000000036,24.269926459308483,-49.8008,-13.5874
1992-05-31,34.60697499868032,36.08306003912848,0.0,-0.005899705014749235,0.0029758087216387175,5.2656250000000036,24.342149118139623,-50.097,-13.3303
1992-06-30,35.01774028056377,35.929023058422196,0.0,0.011869436201780603,0.003000001589411161,5.3281250000000036,24.415175604183723,-49.5047,-13.0703
1992-07-31,36.250036126214106,35.97276956094278,0.0,0.035190615835777095,0.002636432758290619,5.515625000000004,24.47954457294601,-47.7277,-12.8411
1992-08-31,35.22312292150549,35.8084634481894,1.0,-0.028328611898016942,-0.028328611898016942,5.359375000000004,23.78607305529882,-49.2085,-15.3102
1992-09-30,35.428505562447214,35.654426467483106,0.0,0.005830903790087438,0.0023932454057613572,5.390625000000004,23.842998965359524,-48.9124,-15.1075
1992-10-31,35.36483694375528,35.47348436081345,0.0,-0.0017971014492753623,0.0023526510136484546,5.380937500000004,23.8990932210438,-49.0042,-14.9078
1992-11-30,34.403646184148016,35.27857623455976,0.0,-0.02717927870375747,0.0025716462189622202,5.234687500000005,23.960553233762322,-50.3902,-14.6889
1992-12-31,34.383107920053845,35.08161428189665,0.0,-0.0005969792848187216,0.0026445278387947635,5.231562500000005,24.023917583821934,-50.4198,-14.4633
1993-01-31,33.78544443491343,34.927577301190354,0.0,-0.017382474165223205,0.0024662697723036864,5.140625000000004,24.083167045571226,-51.2816,-14.2524
1993-02-28,33.78544443491343,34.824885980719486,0.0,0.0,0.00240947810048997,5.140625000000004,24.141194909157974,-51.2816,-14.0458
1993-03-31,33.88813575538429,34.75300205638989,0.0,0.003039513677811634,0.0024257079041967167,5.156250000000004,24.19975439646587,-51.1336,-13.8373
1993-04-30,35.12043160103463,34.763271188436974,0.0,0.036363636363636376,0.0023607713389288687,5.343750000000004,24.25688448305416,-49.3566,-13.6339
1993-05-31,37.68771461280617,34.90703903709618,1.0,0.07309941520467844,0.07309941520467844,5.734375000000005,26.03004855345285,-45.6546,-7.3205
1993-06-30,38.20117121516047,35.20484386646168,1.0,0.013623978201634745,0.013623978201634745,5.812500000000005,26.384681367532583,-44.9142,-6.0579
1993-07-31,40.254997624577705,35.68749307267473,1.0,0.05376344086021523,0.05376344086021523,6.125000000000007,27.80321262385154,-41.9526,-1.0072
1993-08-31,38.9200104584565,36.043010424144846,1.0,-0.03316326530612257,-0.03316326530612257,5.921875000000006,26.881167307244215,-43.8776,-4.2901
1993-09-30,36.45541876715583,36.24818768244563,1.0,-0.0633245382585752,-0.0633245382585752,5.546875000000005,25.17892979966147,-47.4315,-10.3509
1993-10-31,37.379640651393586,36.5478409555796,1.0,0.025352112676056526,0.025352112676056526,5.687500000000006,25.81726886500501,-46.0988,-8.0781
1993-11-30,38.38909633162215,37.008206145250476,1.0,0.027005494505494276,0.027005494505494276,5.841093750000006,26.51447697748577,-44.6432,-5.5957
1993-12-31,39.33077574033995,37.562739275793135,1.0,0.02452986651686606,0.02452986651686606,5.984375000000007,27.16487355850801,-43.2853,-3.28
1994-01-31,39.741541022223394,38.148079802477035,1.0,0.010443864229764843,0.010443864229764843,6.046875000000005,27.448579809771804,-42.693,-2.2699
1994-02-28,39.22808441986909,38.558845084360485,1.0,-0.012919896640826711,-0.012919896640826711,5.968750000000007,27.09394699569206,-43.4334,-3.5325
1994-03-31,39.43346706081081,38.73342032916095,1.0,0.005235602094240788,0.005235602094240788,6.000000000000006,27.235800121323955,-43.1372,-3.0275
1994-04-30,38.71462781751478,38.78476598939638,1.0,-0.01822916666666674,-0.01822916666666674,5.890625000000005,26.739314181612322,-44.1738,-4.7952
1994-05-31,39.1695503672007,38.67622126365868,0.0,0.011750663129973526,0.0033862171355991677,5.959843750000006,26.829859305488263,-43.5178,-4.4728
1994-06-30,39.638849701752534,38.74810518798829,1.0,0.011981228534724497,0.011981228534724497,6.031250000000005,27.151313981381822,-42.8411,-3.3283
1994-07-31,39.5864771283124,39.06121102410394,1.0,-0.0013212435233158626,-0.0013212435233158626,6.023281250000007,27.1154404836344,-42.9166,-3.456
1994-08-31,39.02270177892737,39.22551713685732,1.0,-0.014241614568471395,-0.014241614568471395,5.937500000000007,26.729272831412157,-43.7295,-4.831
1994-09-30,40.21186726997994,39.4077942306931,0.0,0.03047368421052621,0.0037708043235686883,6.118437500000007,26.830063688970693,-42.0148,-4.4721
1994-10-31,40.04961498363598,39.479678155022704,1.0,-0.004034935389958583,-0.004034935389958583,6.093750000000007,26.721806115477225,-42.2487,-4.8575
1994-11-30,39.43346706081081,39.44887075888145,1.0,-0.015384615384615441,-0.015384615384615441,6.000000000000006,26.310701406008345,-43.1372,-6.3213
1994-12-31,38.9200104584565,39.418063362740185,0.0,-0.01302083333333337,0.0045510066248739545,5.921875000000006,26.430441582412172,-43.8776,-5.8949
1995-01-31,38.9200104584565,39.36671770250475,0.0,0.0,0.004638165628539026,5.921875000000006,26.553030348106827,-43.8776,-5.4585
1995-02-28,38.71462781751478,39.36671770250475,0.0,-0.00527704485488123,0.004685671867687535,5.890625000000005,26.677449135410807,-44.1738,-5.0155
1995-03-31,39.24040737832559,39.37380340361724,0.0,0.01358090185676386,0.004654003787317951,5.970625000000005,26.80160608472299,-43.4156,-4.5734
1995-04-30,40.15230630410685,39.42514906385267,0.0,0.023238773160263904,0.004590634665871063,6.109375000000007,26.924642466716545,-42.1007,-4.1354
1995-05-31,39.53615838128167,39.42011718914959,1.0,-0.015345268542199753,-0.015345268542199753,6.015625000000004,26.511476597662067,-42.9891,-5.6064
1995-06-30,39.79904816168708,39.497751827425574,1.0,0.006649350649350794,0.006649350649350794,6.055625000000005,26.68776070179198,-42.6101,-4.9788
1995-07-31,39.66246870546084,39.442811970973665,1.0,-0.003431726700381832,-0.003431726700381832,6.034843750000006,26.596175600818235,-42.807,-5.3049
1995-08-31,39.43346706081081,39.38119717869115,1.0,-0.0057737617481812276,-0.0057737617481812276,6.000000000000005,26.442615619486315,-43.1372,-5.8516
1995-09-30,39.33077574033995,39.37092804664407,1.0,-0.0026041666666666297,-0.0026041666666666297,5.984375000000005,26.37375464131057,-43.2853,-6.0968
1995-10-31,39.33077574033995,39.4120045748324,0.0,0.0,0.004296979118938671,5.984375000000005,26.487082114292292,-43.2853,-5.6933
1995-11-30,39.53615838128167,39.47361936711492,0.0,0.005221932114882533,0.004360552280963104,6.015625000000006,26.60258042062183,-42.9891,-5.282
1995-12-31,39.741541022223394,39.57631068758578,1.0,0.0051948051948051965,0.0051948051948051965,6.046875000000005,26.740775643586105,-42.693,-4.79
1996-01-31,41.02004796208562,39.75427474596179,1.0,0.03217054263565888,0.03217054263565888,6.241406250000005,27.601040906538678,-40.8494,-1.727
1996-02-29,41.58998479069891,39.898042594620996,1.0,0.013894104393541218,0.013894104393541218,6.328125000000005,27.984532650264526,-40.0275,-0.3616
1996-03-31,40.665762906461154,40.01100304713894,1.0,-0.022222222222222254,-0.022222222222222254,6.187500000000005,27.362654146925316,-41.3603,-2.5758
1996-04-30,40.34228524697794,40.065326755668025,1.0,-0.007954545454545547,-0.007954545454545547,6.138281250000006,27.14499667075659,-41.8267,-3.3508
1996-05-31,40.254997624577705,40.12457964757971,1.0,-0.002163675703194645,-0.002163675703194645,6.125000000000005,27.086263700996778,-41.9526,-3.5599
1996-06-30,39.53615838128167,40.13484877962679,1.0,-0.017857142857142905,-0.017857142857142905,6.015625000000004,26.60258042062183,-42.9891,-5.282
1996-07-31,39.37904066096126,40.13967527168892,0.0,-0.003974025974025852,0.004193578223375516,5.991718750000006,26.714140422559346,-43.2157,-4.8848
1996-08-31,39.741541022223394,40.18075179987727,0.0,0.00920541372206407,0.004113959301397241,6.046875000000004,26.824041309029568,-42.693,-4.4935
1996-09-30,39.33077574033995,40.1602135357831,0.0,-0.010335917312661369,0.004145815203788983,5.984375000000005,26.935248827315608,-43.2853,-4.0976
1996-10-31,39.12539309939823,40.09859874350058,0.0,-0.005221932114882422,0.004066154593528326,5.953125000000006,27.044771713062627,-43.5815,-3.7076
1996-11-30,38.81731913798564,39.87832586109059,0.0,-0.007874015748031593,0.004098027180359898,5.906250000000005,27.15560192262939,-44.0257,-3.313
1996-12-31,37.89309725374789,39.50863710739549,0.0,-0.023809523809523836,0.004002376012389508,5.765625000000005,27.26428885236652,-45.3584,-2.926
1997-01-31,36.45541876715583,39.08760269346495,0.0,-0.03794037940379413,0.004098027180359898,5.546875000000004,27.376018649136707,-47.4315,-2.5282
1997-02-28,35.633888203388935,38.61676298910605,0.0,-0.022535211267605604,0.004082092278075322,5.4218750000000036,27.487770083468796,-48.6162,-2.1303
1997-03-31,36.147344805743245,38.20599770722261,0.0,0.014409221902017322,0.004185619455328027,5.5000000000000036,27.602823428713748,-47.8758,-1.7207
1997-04-30,35.32581424197635,37.78496329329207,0.0,-0.022727272727272707,0.004201536297631092,5.375000000000004,27.71879769326659,-49.0604,-1.3078
1997-05-31,35.309383630701014,37.37799759026605,0.0,-0.00046511627906986597,0.004113959301397019,5.372500000000004,27.832831698860343,-49.0841,-0.9018
1997-06-30,35.01774028056377,36.90561751610009,0.0,-0.008259655653792386,0.00401832483615161,5.328125000000005,27.9446730577363,-49.5047,-0.5036
1997-07-31,33.28225696460621,36.30076563852671,0.0,-0.049560117302052786,0.004113959301397019,5.064062500000005,28.059636305386665,-52.0072,-0.0942
1997-08-31,33.27301474576383,35.715527803163276,0.0,-0.0002776920703487784,0.004185619455328027,5.062656250000003,28.177083265015924,-52.0206,0.0
1997-09-30,33.150812074403504,35.14887709680506,0.0,-0.0036727261504274633,0.004034270873583434,5.0440625000000034,28.290757251334504,-52.1968,0.0
1997-10-31,33.37467915302999,34.69703528673327,0.0,0.0067529892819528925,0.0040502141257032775,5.078125000000004,28.405340875980706,-51.874,0.0
1997-11-30,31.427651716902453,34.19425858170793,0.0,-0.05833846153846156,0.004185619455328249,4.781875000000004,28.524234823386436,-54.6816,0.0
1997-12-31,29.65109187275655,33.595978948644685,0.0,-0.05652855835838455,0.004201536297631314,4.511562500000003,28.64408043135905,-57.2433,0.0
1998-01-31,29.68806074812606,32.95005054288298,0.0,0.0012467964258502384,0.0041059935884706356,4.517187500000003,28.76169284195785,-57.19,0.0
1998-02-28,30.549640926876585,32.472433211372994,0.0,0.029021099965409913,0.004145815203788761,4.648281250000004,28.88093350542874,-55.9476,0.0
1998-03-31,30.396630859375,31.981157934240393,0.0,-0.005008571716696331,0.00409802718036012,4.6250000000000036,28.999288355928158,-56.1683,0.0
1998-04-30,31.65870718796189,31.645254624980204,0.0,0.04152027027027039,0.004034270873583212,4.817031250000004,29.11627934029712,-54.3484,0.0
1998-05-31,30.714973952834676,31.388526323803056,1.0,-0.029809594861980537,-0.029809594861980537,4.673437500000004,28.248334849274613,-55.7092,-2.981
1998-06-30,30.01872680004223,31.063097529230895,0.0,-0.02266800401203628,0.004058184707589341,4.5675000000000034,28.36297180977481,-56.7132,-2.5872
1998-07-31,30.075207026301204,30.755537024420665,0.0,0.0018814997263272293,0.004042242847743571,4.576093750000003,28.477621829713627,-56.6318,-2.1935
1998-08-31,29.17563105897646,30.335632215015313,0.0,-0.029910881961279667,0.003994400555316968,4.439218750000003,28.59137285816434,-57.929,-1.8028
1998-09-30,29.67779161607897,30.16064620493296,0.0,0.017211643377564867,0.0037628086026935126,4.515625000000003,28.69895672191786,-57.2048,-1.4333
1998-10-31,30.396630859375,30.23520010359481,0.0,0.02422145328719716,0.0032415779026344627,4.625000000000003,28.79198662585629,-56.1683,-1.1138
1998-11-30,30.19124821843328,30.28551885062553,1.0,-0.006756756756756688,-0.006756756756756688,4.593750000000003,28.59744617568159,-56.4644,-1.7819
1998-12-31,29.985865577491555,30.229141315687023,0.0,-0.006802721088435382,0.003586725245666944,4.562500000000003,28.700017357841503,-56.7606,-1.4297
1999-01-31,29.47240897513725,30.13671912726325,0.0,-0.017123287671232834,0.0035466588636137164,4.484375000000003,28.801806528789555,-57.501,-1.0801
1999-02-28,29.47240897513725,29.91808930598079,0.0,0.0,0.0036267740400885984,4.484375000000003,28.906264173015817,-57.501,-0.7213
1999-03-31,29.36971765466639,29.783563676163954,0.0,-0.0034843205574912606,0.0036267740400885984,4.468750000000003,29.011100661514448,-57.6491,-0.3612
1999-04-30,29.061643693253803,29.687855365485113,0.0,-0.010489510489510523,0.0035065748777711736,4.421875000000002,29.112830258270602,-58.0933,-0.0118
1999-05-31,28.34280444995777,29.514615107850773,0.0,-0.024734982332155542,0.0036748094004370735,4.312500000000002,29.219814360577022,-59.1299,0.0
1999-06-30,26.80243464289485,29.277295466242613,0.0,-0.05434782608695654,0.0037308187111868563,4.078125000000002,29.328828190730864,-61.3511,0.0
1999-07-31,26.28897804054054,28.93841410868877,0.0,-0.019157088122605304,0.0037148195588312394,4.000000000000002,29.43777949533139,-62.0915,0.0
1999-08-31,26.3916693610114,28.53791795885241,0.0,0.003906249999999778,0.003850723023569813,4.015625000000001,29.551136230596835,-61.9434,0.0
1999-09-30,27.213199924778294,28.24011312948691,0.0,0.031128404669260812,0.0038187639418889585,4.140625000000002,29.66398504407608,-60.7588,0.0
1999-10-31,31.937000666437925,28.435226638381543,0.0,0.17358490566037732,0.003962491756109854,4.859375000000002,29.781528340266597,-53.9471,0.0
1999-11-30,30.088556897962416,28.496841430664062,1.0,-0.05787781350482324,-0.05787781350482324,4.578125000000001,28.057838597100044,-56.6125,-5.7878
1999-12-31,29.061643693253803,28.45576490247572,1.0,-0.03412969283276446,-0.03412969283276446,4.421875000000001,27.10023318422974,-58.0933,-9.0032
2000-01-31,29.164335013724664,28.435226638381543,1.0,0.0035335689045936647,0.0035335689045936647,4.437500000000002,27.195993725516775,-57.9452,-8.6817
2000-02-29,30.807396141258447,28.609801883182012,1.0,0.05633802816901401,0.05633802816901401,4.687500000000001,28.728162386109272,-55.576,-3.537
2000-03-31,29.36971765466639,28.712493203652873,1.0,-0.046666666666666634,-0.046666666666666634,4.468750000000002,27.387514808090838,-57.6491,-8.0386
2000-04-30,28.753569731841218,28.907606712547512,1.0,-0.020979020979021046,-0.020979020979021046,4.375000000000001,26.81295156036865,-58.5376,-9.9678
2000-05-31,28.24011312948691,29.102720221442148,0.0,-0.017857142857142794,0.004701501791267715,4.296875000000001,26.939012700158898,-59.278,-9.5446
2000-06-30,29.36971765466639,29.400525050807648,0.0,0.040000000000000036,0.004622324722702409,4.468750000000002,27.06353356456804,-57.6491,-9.1264
2000-07-31,28.95895237278294,29.57510029560811,0.0,-0.013986013986014068,0.004835945490175408,4.406250000000001,27.194411337657826,-58.2414,-8.687
2000-08-31,28.185686729637357,29.199968901928052,0.0,-0.02670212765957425,0.004938622031196882,4.288593750000001,27.328714256615413,-59.3564,-8.236
2000-09-30,28.137421809016047,29.004855393033417,0.0,-0.0017123911538603487,0.0048675505653432705,4.281250000000001,27.461738155145305,-59.426,-7.7894
2000-10-31,27.726656527132604,28.8713566764213,0.0,-0.014598540145985273,0.004954408184481007,4.218750000000001,27.597794815421228,-60.0184,-7.3325
2000-11-30,27.315891245249155,28.686512299573746,0.0,-0.014814814814814947,0.005001750284811202,4.15625,27.735832093499422,-60.6107,-6.869
2000-12-31,27.87555894181535,28.39332857962944,0.0,0.020488721804511334,0.004685671867687535,4.24140625,27.86579310166684,-59.8036,-6.4326
2001-01-31,27.263518671809017,28.182708681343694,0.0,-0.021956161355682347,0.004193578223375294,4.14828125,27.982650484795073,-60.6862,-6.0402
2001-02-28,26.905125963365712,27.997864304496147,0.0,-0.013145504538777275,0.003978447550151865,4.093750000000001,28.093977992063056,-61.203,-5.6664
2001-03-31,27.007817283836573,27.874634719931112,0.0,0.003816793893129722,0.0036107566318022144,4.109375000000001,28.195418509411606,-61.0549,-5.3258
2001-04-30,26.74903515625,27.612566470089472,0.0,-0.009581749049429766,0.0031691721789193217,4.070000000000001,28.284774645324617,-61.4281,-5.0258
2001-05-31,27.93203916807433,27.509875149618615,0.0,0.04422604422604448,0.0029677430057031273,4.250000000000003,28.368716587446166,-59.7222,-4.7439
2001-06-30,27.726656527132604,27.463972129368138,1.0,-0.007352941176470673,-0.007352941176470673,4.218750000000002,28.160123083126706,-60.0184,-5.4443
2001-07-31,27.52127388619088,27.402357337085625,1.0,-0.007407407407407418,-0.007407407407407418,4.187500000000002,27.95152957880725,-60.3145,-6.1447
2001-08-31,27.93203916807433,27.422895601179796,1.0,0.014925373134328401,0.014925373134328401,4.250000000000003,28.368716587446166,-59.7222,-4.7439
2001-09-30,29.061643693253803,27.59747084598026,1.0,0.04044117647058809,0.04044117647058809,4.421875000000002,29.51598086120317,-58.0933,-0.8917
2001-10-31,29.061643693253803,27.716079321124102,1.0,0.0,0.0,4.421875000000002,29.51598086120317,-58.0933,-0.8917
2001-11-30,28.34280444995777,27.82400789893898,1.0,-0.024734982332155542,-0.024734982332155542,4.312500000000002,28.78590359608507,-59.1299,-3.3431
2001-12-31,28.34280444995777,27.967775747598182,1.0,0.0,0.0,4.312500000000002,28.78590359608507,-59.1299,-3.3431
2002-01-31,28.95895237278294,28.16288925649282,1.0,0.021739130434782483,0.021739130434782483,4.406250000000001,29.411684109043435,-58.2414,-1.2419
2002-02-28,30.396630859375,28.527648826805326,1.0,0.049645390070921946,0.049645390070921946,4.625,30.87183863927963,-56.1683,0.0
2002-03-31,30.19124821843328,28.753569731841218,1.0,-0.006756756756756688,-0.006756756756756688,4.593750000000001,30.663245134960174,-56.4644,-0.6757
2002-04-30,31.115470102671033,29.092451089395063,1.0,0.030612244897959107,0.030612244897959107,4.734375,31.60191590439773,-55.1317,0.0
2002-05-31,32.24507462785051,29.564831163561024,1.0,0.03630363036303619,0.03630363036303619,4.906249999999999,32.749180178154745,-53.5028,0.0
2002-06-30,32.96391387114654,30.068018633868245,1.0,0.022292993630573354,0.022292993630573354,5.015625,33.47925744327285,-52.4663,0.0
2002-07-31,32.1721637903162,30.379070643574483,1.0,-0.024018691588785,-0.024018691588785,4.895156250000001,32.675129484121335,-53.608,-2.4019
2002-08-31,31.861009089289485,30.65900718317805,1.0,-0.009671550320789146,-0.009671550320789146,4.8478125,32.35911032507737,-54.0567,-3.3458
2002-09-30,32.77290801507073,31.10201753968935,1.0,0.02862115644942942,0.02862115644942942,4.9865625,33.28526548425576,-52.7417,-0.5794
2002-10-31,32.507964408255916,31.51853353551917,1.0,-0.008084226358337832,-0.008084226358337832,4.946250000000001,33.01617986368366,-53.1238,-1.3832
2002-11-30,32.75853123020482,31.898491421261348,1.0,0.007707859489512137,0.007707859489512137,4.984375000000001,33.27066393895339,-52.7624,-0.6231
2002-12-31,34.09351839632602,32.26818017495645,1.0,0.040752351097178785,0.040752351097178785,5.187500000000001,34.62652171702987,-50.8374,0.0
2003-01-31,36.64642462323163,32.91369781543629,1.0,0.07487951807228899,0.07487951807228899,5.5759375,37.21933897572071,-47.1561,0.0
2003-02-28,36.86618404903928,33.48876921007311,1.0,0.005996749425545289,0.005996749425545289,5.609375000000002,37.44253402534254,-46.8392,0.0
2003-03-31,35.01774028056377,33.766035775344434,1.0,-0.050139275766016844,-0.050139275766016844,5.328125,35.565192486467424,-49.5047,-5.0139
2003-04-30,33.68275311444257,33.83791969967404,1.0,-0.0381231671554253,-0.0381231671554253,5.124999999999999,34.20933470839095,-51.4297,-8.6351
2003-05-31,36.55811008762669,34.27651432940509,0.0,0.08536585365853644,0.0008873234469350955,5.562499999999998,34.239689453181754,-47.2835,-8.554
2003-06-30,36.55811008762669,34.74622442923881,1.0,0.0,0.0,5.562499999999998,34.239689453181754,-47.2835,-8.554
2003-07-31,36.044653485272384,35.07339897625898,1.0,-0.014044943820224587,-0.014044943820224587,5.484374999999998,33.758794938389876,-48.0239,-9.8384
2003-08-31,36.96887536951014,35.51949007238439,1.0,0.02564102564102555,0.02564102564102555,5.624999999999997,34.62440506501526,-46.6911,-7.5265
2003-09-30,38.91487589243296,36.135124538607215,1.0,0.0526388888888889,0.0526388888888889,5.921093749999998,36.44699527607648,-43.885,-2.6588
2003-10-31,38.9200104584565,36.61777374482026,1.0,0.00013194352816991994,0.00013194352816991994,5.921874999999998,36.45180422122439,-43.8776,-2.646
2003-11-30,40.04961498363598,36.958092780860696,1.0,0.029023746701847042,0.029023746701847042,6.093749999999999,37.509772153766534,-42.2487,0.0
2003-12-31,41.79054093957849,37.450528469914616,1.0,0.043469230769230593,0.043469230769230593,6.358640624999998,39.14029309561987,-39.7383,0.0
2004-01-31,42.51420667493666,38.20017510935191,1.0,0.01731649600813867,0.01731649600813867,6.468749999999998,39.81806582476754,-38.6948,0.0
2004-02-29,41.577456449601456,38.9896454428678,1.0,-0.022033816425120922,-0.022033816425120922,6.326218749999998,38.94072187198123,-40.0456,-2.2034
2004-03-31,41.761479295885245,39.50998236369365,1.0,0.0044260246296417005,0.0044260246296417005,6.3542187499999985,39.11307446608265,-39.7802,-1.7705
2004-04-30,41.38460214975718,39.9926315699067,1.0,-0.00902451619249034,-0.00902451619249034,6.296874999999998,38.760097892225396,-40.3237,-2.657
2004-05-31,39.41087497030722,40.329253718410186,1.0,-0.0476923076923077,-0.0476923076923077,5.996562499999998,36.91153937736542,-43.1698,-7.2995
2004-06-30,40.292993413151926,40.66166552277436,0.0,0.022382615039866716,0.0010522224777222977,6.130781249999998,36.95037852878561,-41.8978,-7.202
2004-07-31,40.871145547402875,40.857292488271355,0.0,0.014348701480745296,0.00110163397610763,6.218749999999999,36.99108432120296,-41.0641,-7.0997
2004-08-31,41.17921950881546,41.08321339330725,1.0,0.007537688442210921,0.007537688442210921,6.265624999999999,37.26991158995574,-40.6199,-6.3995
2004-09-30,41.58998479069891,41.23725037401354,1.0,0.009975062344139696,0.009975062344139696,6.328125,37.64168128162611,-40.0275,-5.4658
2004-10-31,43.17759260517842,41.375955540573536,1.0,0.03817283950617267,0.03817283950617267,6.5696875,39.07857113993214,-37.7382,-1.8572
2004-11-30,45.119998931884766,41.63653476626834,1.0,0.04498644341911251,0.04498644341911251,6.865234374999999,40.83657706941845,-34.9373,0.0
2004-12-31,43.79999923706055,41.858789045014255,1.0,-0.029255313077842793,-0.029255313077842793,6.664389794006606,39.64189022222517,-36.8407,-2.9255
2005-01-31,42.220001220703125,41.90464123749604,1.0,-0.03607301470043256,-0.03607301470043256,6.423985162997992,38.21188773348591,-39.1191,-6.4273
2005-02-28,43.529998779296875,42.11918090045001,1.0,0.03102789011648288,0.03102789011648288,6.623307868745411,39.3975219872239,-37.2301,-3.5239
2005-03-31,42.81999969482422,42.46009337290171,1.0,-0.01631056982272039,-0.01631056982272039,6.5152779432948655,38.75492595400912,-38.2539,-5.0975
2005-04-30,43.349998474121094,42.76579387899862,1.0,0.01237736532167566,0.01237736532167566,6.595919918571281,39.23460983055637,-37.4896,-3.9229
2005-05-31,41.650001525878906,42.843679476846226,1.0,-0.03921561725675826,-0.03921561725675826,6.337256847588361,37.69600038822304,-39.941,-7.6906
2005-06-30,43.439998626708984,43.06975738863558,0.0,0.042977119693930366,0.002441934817957625,6.609613893658346,37.78805156406878,-37.3598,-7.4652
2005-07-31,42.81999969482422,43.192758879048114,1.0,-0.014272535715587287,-0.014272535715587287,6.5152779432948655,37.24872024849816,-38.2539,-8.7859
2005-08-31,43.400001525878906,43.214999771118165,0.0,0.01354511525428137,0.002822437972181513,6.603528133950471,37.35385245094269,-37.4175,-8.5284
2005-09-30,46.70000076293945,43.37299995422363,1.0,0.07603684610685546,0.07603684610685546,7.105639586433953,40.194121581253206,-32.6589,-1.5732
2005-10-31,46.400001525878906,43.633000183105466,1.0,-0.006423966427397176,-0.006423966427397176,7.059993196285518,39.93591589363651,-33.0915,-2.2055
2005-11-30,49.099998474121094,44.32099990844726,1.0,0.05818958748818792,0.05818958748818792,7.470811288046787,42.259770365450194,-29.1982,0.0
2005-12-31,51.58000183105469,45.126000213623044,1.0,0.05050923490844328,0.05050923490844328,7.848156250351391,44.39427903401558,-25.622,0.0
2006-01-31,56.70000076293945,46.51400032043457,1.0,0.09926325610950593,0.09926325610950593,8.62718979421744,48.80099972356594,-18.239,0.0
2006-02-28,56.06999969482422,47.786000442504886,1.0,-0.011111129799614039,-0.011111129799614039,8.531331968607981,48.25876548128645,-19.1475,-1.1111
2006-03-31,58.099998474121094,49.4310001373291,1.0,0.03620472249591011,0.03620472249591011,8.840206475051922,50.00596069353165,-16.2202,0.0
2006-04-30,65.08999633789062,51.59599990844727,1.0,0.12030977706278279,0.12030977706278279,9.903769745254385,56.02216667638071,-6.1407,0.0
2006-05-31,64.2300033569336,53.7370002746582,1.0,-0.013212367941959902,-0.013212367941959902,9.772917495367631,55.281981197346546,-7.3808,-1.3212
2006-06-30,61.22999954223633,55.52000007629395,1.0,-0.046707203143457665,-0.046707203143457665,9.316451852607244,52.69991447138927,-11.7068,-5.9302
2006-07-31,63.15999984741211,57.16599998474121,1.0,0.031520501708389936,0.031520501708389936,9.610111089143484,54.361042215516704,-8.9237,-2.9651
2006-08-31,62.290000915527344,58.75499992370605,1.0,-0.013774523970655372,-0.013774523970655372,9.477736383585418,53.61224473644928,-10.1783,-4.3017
2006-09-30,59.470001220703125,59.792000198364256,1.0,-0.04527210873938614,-0.04527210873938614,9.048659271424503,51.185105362978156,-14.2447,-8.6342
2006-10-31,60.2400016784668,60.65800018310547,0.0,0.012947712156690105,0.004010350772625237,9.165818707074873,51.390375589817495,-13.1344,-8.2678
2006-11-30,64.38999938964844,61.42700004577637,0.0,0.06889106234313203,0.004026298203094747,9.797261695049814,51.59728856671114,-7.1501,-7.8984
2006-12-31,63.209999084472656,62.140999984741214,1.0,-0.018325831904969392,-0.018325831904969392,9.617718724097333,50.65172532968539,-8.8516,-9.5863
2007-01-31,64.83000183105469,62.81400032043457,1.0,0.02562890001654794,0.02562890001654794,9.864210275664504,51.94987333382554,-6.5156,-7.2691
2007-02-28,66.4800033569336,62.95300102233887,1.0,0.025451202827030173,0.025451202827030173,10.115266292118918,53.27206009688327,-4.1363,-4.909
2007-03-31,65.73999786376953,63.10400047302246,1.0,-0.011131249335096238,-0.011131249335096238,10.002670740930446,52.67907551335062,-5.2034,-5.9674
2007-04-30,67.08999633789062,63.69000015258789,1.0,0.02053542010936238,0.02053542010936238,10.208079786811082,53.76086245999011,-3.2567,-4.0364
2007-05-31,65.54000091552734,63.92800025939941,1.0,-0.023103227112383773,-0.023103227112383773,9.972240201115051,52.51881304481933,-5.4918,-6.2535
2007-06-30,64.2699966430664,64.12599983215333,1.0,-0.01937754431980876,-0.01937754431980876,9.779002674650165,51.50112741741959,-7.3231,-8.0701
2007-07-31,65.79000091552734,64.75799980163575,1.0,0.023650293322754035,0.023650293322754035,10.010278956309639,52.7191441872941,-5.1313,-5.8959
2007-08-31,66.5199966430664,65.3859992980957,1.0,0.011095846137414656,0.011095846137414656,10.12135147140145,53.304107699692494,-4.0786,-4.8518
2007-09-30,73.51000213623047,66.29799957275391,1.0,0.1050812664749683,0.1050812664749683,11.184915902454598,58.90537084509429,0.0,0.0
2007-10-31,78.62000274658203,67.83899993896485,1.0,0.0695143580717299,0.0695143580717299,11.962428151500015,63.00013988636819,0.0,0.0
2007-11-30,77.31999969482422,69.0879997253418,1.0,-0.016535271004099905,-0.016535271004099905,11.76462616014789,61.95841550005086,-1.6535,-1.6535
2007-12-31,82.45999908447266,70.68599929809571,1.0,0.06647697115798756,0.06647697115798756,12.546702874080545,66.07722330024238,0.0,0.0
2008-01-31,91.4000015258789,73.25199966430664,1.0,0.10841623260567879,0.10841623260567879,13.906969131311197,73.24106691149882,0.0,0.0
2008-02-29,96.18000030517578,76.16100006103515,1.0,0.052297578769114894,0.052297578769114894,14.634269944895596,77.07139737743692,0.0,0.0
2008-03-31,90.41000366210938,78.64800033569335,1.0,-0.059991647169457374,-0.059991647169457374,13.756335985778827,72.44775729911267,-5.9992,-5.9992
2008-04-30,86.6500015258789,80.88600082397461,1.0,-0.0415883418198143,-0.0415883418198143,13.184232782614048,69.43477520447821,-9.9085,-9.9085
2008-05-31,87.44999694824219,83.0520004272461,1.0,0.009232491728512704,0.009232491728512704,13.305956102726316,70.07583119222468,-9.0767,-9.0767
2008-06-30,91.4000015258789,85.54000091552734,1.0,0.0451687217321981,0.0451687217321981,13.906969131311204,73.24106691149876,-4.9698,-4.9698
2008-07-31,90.08000183105467,87.19700088500977,1.0,-0.014442009549097135,-0.014442009549097135,13.706124550317806,72.18331872377682,-6.3423,-6.3423
2008-08-31,81.70999908447266,87.50600051879883,1.0,-0.09291743535130015,-0.09291743535130015,12.432586608496782,65.47622987281801,-15.0447,-15.0447
2008-09-30,85.06999969482422,88.28100051879883,0.0,0.04112104574714248,0.005084340972818069,12.943827571180092,65.80913335110604,-11.5513,-14.6128
2008-10-31,71.33999633789062,87.16900024414062,0.0,-0.1613965370422935,-0.0023259635199049944,10.854738625119065,65.65606370765477,-25.8266,-14.8114
2008-11-30,80.30999755859375,86.05999984741212,0.0,0.1257359360970265,-0.0005030148720960304,12.219569347236964,65.62303773116653,-16.5003,-14.8542
2008-12-31,86.5199966430664,85.09399948120117,0.0,0.07732535516442862,0.0003048473110567329,13.164451886968425,65.64304273776229,-10.0437,-14.8283
2009-01-31,91.30999755859376,85.1839988708496,1.0,0.055362934597515734,0.055362934597515734,13.893274575798804,69.27723421963496,-5.0634,-10.1129
2009-02-28,92.62999725341795,85.78199844360351,1.0,0.014456244990885603,0.014456244990885603,14.094119156792193,70.278722889805,-3.691,-8.8135
2009-03-31,90.27999877929688,86.06499862670898,1.0,-0.025369734900152596,-0.025369734900152596,13.736555090133214,68.49577032096936,-6.1343,-11.1269
2009-04-30,87.2699966430664,85.65199813842773,1.0,-0.03334074188003566,-0.03334074188003566,13.278568152552191,66.21207052282374,-9.2639,-14.09
2009-05-31,96.1999969482422,86.26399765014648,1.0,0.10232612179073897,0.10232612179073897,14.637312534536878,72.98729491515918,0.0,-5.2991
2009-06-30,91.18000030517578,87.2109977722168,1.0,-0.052182918942994316,-0.052182918942994316,13.873494841003867,69.17860482073301,-5.2183,-10.2409
2009-07-31,93.3499984741211,88.03899765014648,1.0,0.023799058583926502,0.023799058583926502,14.203670957488718,70.82499048961594,-2.9626,-8.1047
2009-08-31,93.4000015258789,90.24499816894532,1.0,0.0005356513398515617,0.0005356513398515617,14.211279172867911,70.86292799066669,-2.9106,-8.0555
2009-09-30,98.8499984741211,92.09899826049805,1.0,0.0583511441028417,0.0583511441028417,15.040523571769642,74.99786091339938,0.0,-2.6904
2009-10-31,102.52999877929688,93.69999847412109,1.0,0.03722812708124823,0.03722812708124823,15.600454094667992,77.78989081030522,0.0,0.0
2009-11-30,115.63999938964844,96.13299865722657,1.0,0.12786502259277088,0.12786502259277088,17.595206509940198,87.73649695625407,0.0,0.0
2009-12-31,107.30999755859376,97.60099868774414,1.0,-0.07203391451937635,-0.07203391451937635,16.32775490825239,81.41649363427774,-7.2034,-7.2034
2010-01-31,105.95999908447266,99.16899871826172,1.0,-0.012580360682460934,-0.012580360682460934,16.122345862371752,80.39224477885729,-8.3708,-8.3708
2010-02-28,109.43000030517578,101.38499908447265,1.0,0.03274821867388655,0.03274821867388655,16.65032397020873,83.02494759055995,-5.3701,-5.3701
2010-03-31,108.9499969482422,102.65999908447266,1.0,-0.004386396377546897,-0.004386396377546897,16.577289049460827,82.66076726120271,-5.7852,-5.7852
2010-04-30,115.36000061035156,105.07799911499023,1.0,0.05883436293398425,0.05883436293398425,17.552603289858368,87.52406084264989,-0.2421,-0.2421
2010-05-31,118.87999725341795,107.63099899291993,1.0,0.030513146883171416,0.030513146883171416,18.08818845222385,90.19469536695328,0.0,0.0
2010-06-30,121.68000030517578,110.45899887084961,1.0,0.023553189068376446,0.023553189068376446,18.514222974743504,92.31906807989571,0.0,0.0
2010-07-31,115.48999786376952,112.12299880981445,1.0,-0.050871157346167206,-0.050871157346167206,17.572383024653305,87.62269024155184,-5.0871,-5.0871
2010-08-31,122.08000183105467,114.07799911499023,1.0,0.05706125282865315,0.05706125282865315,18.57508521522498,92.62255072295174,0.0,0.0
2010-09-30,127.91000366210938,115.30499954223633,1.0,0.04775558440048844,0.04775558440048844,19.46214926496692,97.04579476139014,0.0,0.0
2010-10-31,132.6199951171875,117.8359992980957,1.0,0.03682269814892791,0.03682269814892791,20.178798112680177,100.61928276851161,0.0,0.0
2010-11-30,135.4199981689453,120.78199920654296,1.0,0.021112978094167678,0.021112978094167678,20.604832635199827,102.74365548145407,0.0,0.0
2010-12-31,138.72000122070312,123.7109992980957,1.0,0.024368653791006833,0.024368653791006833,21.106944668108653,105.24738005110412,0.0,0.0
2011-01-31,129.8699951171875,125.80299911499023,1.0,-0.06379762129208244,-0.06379762129208244,19.76037180553972,98.53284755661993,-6.3798,-6.3798
2011-02-28,137.66000366210938,128.03299942016602,1.0,0.05998312803425154,0.05998312803425154,20.945660717555825,104.443155967188,-0.7641,-0.7641
2011-03-31,139.86000061035156,130.13099975585936,1.0,0.01598138086384293,0.01598138086384293,21.280401298927917,106.11230182132138,0.0,0.0
2011-04-30,152.3699951171875,133.19999923706055,1.0,0.08944654978008071,0.08944654978008071,23.183859773052564,115.60368110846113,0.0,0.0
2011-05-31,149.63999938964844,136.61499938964843,1.0,-0.017916885312225905,-0.017916885312225905,22.768477216404058,113.53242321236966,-1.7917,-1.7917
2011-06-30,146.0,139.00699920654296,1.0,-0.024325042799353547,-0.024325042799353547,22.214633033638925,110.77074215861442,-4.1806,-4.1806
2011-07-31,158.2899932861328,142.0449981689453,1.0,0.08417803620638908,0.08417803620638908,24.084617217456227,120.09520570265084,0.0,0.0
2011-08-31,177.72000122070312,146.55499877929688,1.0,0.12274943937515781,0.12274943937515781,27.04099047846425,134.83682487429553,0.0,0.0
2011-09-30,158.05999755859375,148.81899871826172,1.0,-0.11062347246832638,-0.11062347246832638,24.049622212753583,119.92070709009731,-11.0623,-11.0623
2011-10-31,167.33999633789062,151.68099822998047,1.0,0.0587118747477946,0.0587118747477946,25.461620619840552,126.96147662443806,-5.8407,-5.8407
2011-11-30,170.1300048828125,155.70699920654297,1.0,0.016672693952307194,0.016672693952307194,25.886134427964908,129.07826646793026,-4.2708,-4.2708
2011-12-31,151.99000549316406,157.13999938964844,1.0,-0.10662433944055594,-0.10662433944055594,23.126042443913718,115.31538156965514,-14.4778,-14.4778
2012-01-31,169.30999755859375,160.08499908447266,0.0,0.11395480912860867,-0.00021788049829674083,25.761366196510004,115.29025659685746,-4.7322,-14.4965
2012-02-29,164.2899932861328,161.2769989013672,1.0,-0.029649780549572347,-0.029649780549572347,24.997547342126314,111.87192578925678,-7.5568,-17.0316
2012-03-31,162.1199951171875,162.5249984741211,1.0,-0.013208340481005276,-0.013208340481005276,24.667371225641464,110.39428330316653,-8.7779,-18.1275
2012-04-30,161.8800048828125,164.11299896240234,0.0,-0.0014803247076433657,0.00021792798055364493,24.63085550654354,110.41834130639147,-8.9129,-18.1097
2012-05-31,151.6199951171875,163.4459991455078,0.0,-0.06338034010471139,0.0,23.06974350746881,110.41834130639147,-14.686,-18.1097
2012-06-30,155.19000244140625,161.19299926757813,0.0,0.02354575543588089,-0.000436175415040041,23.61293804606417,110.37017954054407,-12.6772,-18.1454
2012-07-31,156.49000549316406,161.03600006103517,0.0,0.008376847936764742,0.0,23.810740037416295,110.37017954054407,-11.9458,-18.1454
2012-08-31,164.22000122070312,160.7240005493164,0.0,0.04939609851235338,0.0,24.986897697956547,110.37017954054407,-7.5962,-18.1454
2012-09-30,171.88999938964844,160.9,1.0,0.046705627280061,0.046705627280061,26.153926428722322,115.52508800899815,-3.2804,-14.3223
2012-10-31,166.8300018310547,162.38399963378907,1.0,-0.029437416816341377,-0.029437416816341377,25.384022395056096,112.12432784053274,-6.1276,-16.8444
2012-11-30,166.0500030517578,162.05800018310546,1.0,-0.004675410721908135,-0.004675410721908135,25.265341664585097,111.60010055596038,-6.5665,-17.2332
2012-12-31,162.02000427246094,161.83100128173828,1.0,-0.02426979045607558,-0.02426979045607558,24.652157116584466,108.89158950059024,-8.8341,-19.242
2013-01-31,161.1999969482422,161.73900146484374,1.0,-0.005061148639644464,-0.005061148639644464,24.527388885129564,108.34047298052057,-9.2955,-19.6507
2013-02-28,153.0,160.8510009765625,0.0,-0.05086846838387371,0.0,23.27971817908738,108.34047298052057,-13.9095,-19.6507
2013-03-31,154.4499969482422,161.13400115966797,0.0,0.009477104236877087,0.0,23.500342494875714,108.34047298052057,-13.0936,-19.6507
2013-04-30,142.77000427246094,159.89200134277343,0.0,-0.0756231330952718,-0.00021859747281005593,21.72317296660126,108.31679002692395,-19.6658,-19.6682
2013-05-31,133.9199981689453,157.63500061035157,0.0,-0.06198785346133606,0.0002186452681132156,20.376600104032324,108.34047298052057,-24.6455,-19.6507
2013-06-30,119.11000061035156,153.1240005493164,0.0,-0.11058839427335088,-0.00021859747281005593,18.123184617777195,108.31679002692395,-32.9788,-19.6682
2013-07-31,127.95999908447266,148.73100051879882,0.0,0.0743010530498811,0.0,19.46975631949545,108.31679002692395,-27.9991,-19.6682
2013-08-31,134.6199951171875,145.5099998474121,0.0,0.052047484216675155,0.0,20.483108154236902,108.31679002692395,-24.2516,-19.6682
2013-09-30,128.17999267578125,141.72299880981444,0.0,-0.047838379698351585,-0.00021833425066197787,19.503229448952112,108.29314076173928,-27.8753,-19.6858
2013-10-31,127.73999786376952,138.2949981689453,0.0,-0.003432632525769086,-0.00021838193091727742,19.4362820291881,108.26949149655468,-28.1229,-19.7033
2013-11-30,120.6999969482422,134.2449981689453,0.0,-0.055111954229365545,-0.00021863706754998713,18.36511054360644,108.24581977242872,-32.0842,-19.7209
2013-12-31,116.12000274658205,130.5569984436035,0.0,-0.03794527189279151,0.0,17.668241430688127,108.24581977242872,-34.6613,-19.7209
2014-01-31,120.08999633789062,127.12099838256836,0.0,0.03418871423877423,0.0,18.272295888063596,108.24581977242872,-32.4274,-19.7209
2014-02-28,127.62000274658205,125.60599822998047,0.0,0.0627030280482701,0.00021868488017084964,19.41802416963914,108.26949149655468,-28.1904,-19.7033
2014-03-31,123.61000061035156,124.57499847412109,1.0,-0.031421423365686874,-0.031421423365686874,18.807882211279765,104.86750996665378,-30.4468,-22.2264
2014-04-30,124.22000122070312,125.08599853515625,0.0,0.0049348807324614,0.0,18.900696866822617,104.86750996665378,-30.1035,-22.2264
2014-05-31,120.43000030517578,124.33299865722657,0.0,-0.03051039187154414,0.0,18.324029198770592,104.86750996665378,-32.2361,-22.2264
2014-06-30,128.0399932861328,123.6749984741211,0.0,0.06319017654797743,-0.00021816617789349735,19.481927838911197,104.84463142281916,-27.9541,-22.2433
2014-07-31,123.38999938964844,123.19599914550781,1.0,-0.03631673024297155,-0.03631673024297155,18.774407920972426,101.03701722601284,-30.5706,-25.0672
2014-08-31,123.86000061035156,122.80799942016601,1.0,0.0038090706137288155,0.0038090706137288155,18.84592096647436,101.42187435922725,-30.3061,-24.7818
2014-09-30,116.20999908447266,122.35899963378907,1.0,-0.061763293138879294,-0.061763293138879294,17.681934825349856,95.15772540248368,-34.6106,-29.4275
2014-10-31,112.66000366210938,122.0129997253418,0.0,-0.03054810644807593,-0.00021852507404018784,17.141785198097125,95.13693105349459,-36.6081,-29.4429
2014-11-30,112.11000061035156,121.21500015258789,0.0,-0.00488197260677703,0.0,17.05809947232876,95.13693105349459,-36.9176,-29.4429
2014-12-31,113.58000183105467,119.81100006103516,0.0,0.013112132840068735,-0.00021878040923140052,17.281767538609042,95.11611695678572,-36.0905,-29.4584
2015-01-31,123.4499969482422,119.79499969482421,0.0,0.08689905756357286,-0.00021903590154137564,18.78353685074692,95.09528311235695,-30.5368,-29.4738
2015-02-28,116.16000366210938,118.98899993896484,1.0,-0.059052194948123304,-0.059052194948123304,17.674327770821353,89.47969791535905,-34.6388,-33.6385
2015-03-31,113.66000366210938,118.3120002746582,0.0,-0.021522037888980217,0.0,17.29394021887548,89.47969791535905,-36.0455,-33.6385
2015-04-30,113.47000122070312,116.85500106811523,0.0,-0.0016716737223684275,-0.00021825323896318416,17.265030393455373,89.46016868146761,-36.1524,-33.653
2015-05-31,114.0999984741211,115.9260009765625,0.0,0.005552104050766671,-0.00021850859162486636,17.360887638639486,89.44062086600249,-35.7979,-33.6675
2015-06-30,112.37000274658205,114.77700119018554,0.0,-0.015162101232906067,0.0,17.097660102769325,89.44062086600249,-36.7713,-33.6675
2015-07-31,104.93000030517578,113.64900131225586,0.0,-0.06620986259282235,0.0,15.965626376706187,89.44062086600249,-40.9577,-33.6675
2015-08-31,108.81999969482422,113.26500091552734,0.0,0.03707232801234017,0.0,16.55750931466591,89.44062086600249,-38.7689,-33.6675
2015-09-30,106.86000061035156,112.74000091552735,0.0,-0.01801138660144541,-0.0004375282024945415,16.259285613242426,89.40148807192497,-39.8717,-33.6965
2015-10-31,109.3000030517578,112.31200103759765,0.0,0.022833636790845047,-0.00021948339096855563,16.630544235413815,89.38186593016529,-38.4988,-33.7111
2015-11-30,101.91999816894533,110.15900115966797,0.0,-0.06752062833262462,0.00021953157450282923,15.507639439125162,89.40148807192497,-42.6514,-33.6965
2015-12-31,101.45999908447266,108.68900070190429,0.0,-0.004513334897339405,-0.00021948339096855563,15.437648268869198,89.38186593016529,-42.9102,-33.7111
2016-01-31,106.9499969482422,108.01800003051758,0.0,0.054109973519699484,0.00021953157450282923,16.27297900790414,89.40148807192497,-39.8211,-33.6965
2016-02-29,118.63999938964844,108.53499984741211,0.0,0.10930343875618376,0.0,18.051671572275254,89.40148807192497,-33.2433,-33.6965
2016-03-31,117.63999938964844,108.88899993896484,1.0,-0.008428860461434318,-0.008428860461434318,17.899516551496905,88.64793540392212,-33.806,-34.2554
2016-04-30,123.6500015258789,110.01699981689453,1.0,0.051088083708025867,0.051088083708025867,18.813968551412973,93.17678854838137,-30.4243,-30.8966
2016-05-31,116.05999755859376,111.12999954223633,1.0,-0.061382967032933,-0.061382967032933,17.659111340062957,87.45732080868149,-34.695,-35.1384
2016-06-30,126.47000122070312,112.89499969482422,1.0,0.08969501879279118,0.08969501879279118,19.243045663573895,95.30180684218337,-28.8375,-29.3206
2016-07-31,128.97999572753906,115.10699920654297,1.0,0.01984656031160892,0.01984656031160892,19.62495392991506,97.19321989948207,-27.4252,-27.9179
2016-08-31,124.77999877929688,116.65499877929688,1.0,-0.03256316550912575,-0.03256316550912575,18.985903306986266,94.02830099353034,-29.7884,-30.2651
2016-09-30,125.63999938964844,119.0269989013672,1.0,0.006892135107908315,0.006892135107908315,19.116756717723696,94.67635674794485,-29.3045,-29.7845
2016-10-31,121.94000244140624,121.07499923706055,1.0,-0.0294491958469959,-0.0294491958469959,18.553783605184073,91.88821417599455,-31.3864,-31.8523
2016-11-30,111.75,121.55499954223633,1.0,-0.0835657063915729,-0.0835657063915729,17.003323571980484,84.20951064931744,-37.1202,-37.5471
2016-12-31,109.61000061035156,120.65199966430664,0.0,-0.019149882681417818,0.00021861244551835135,16.677711920382873,84.22791989637639,-38.3243,-37.5334
2017-01-31,115.5500030517578,120.44300003051758,0.0,0.05419215772584596,0.00043806380987598814,17.581513115278483,84.26481709986413,-34.982,-37.5061
2017-02-28,119.2300033569336,120.00100021362304,0.0,0.03184768678480632,0.0005027380751234656,18.14144363817684,84.30718023181355,-32.9113,-37.4747
2017-03-31,118.72000122070312,120.26700057983399,0.0,-0.00427746474772539,-0.0001745836134140477,18.063844252541692,84.2924615796519,-33.1983,-37.4856
2017-04-30,120.7699966430664,119.6970001220703,0.0,0.01726748147982482,0.0007440033856251915,18.375761348626895,84.35517545644989,-32.0448,-37.4391
2017-05-31,120.62000274658205,118.8610008239746,1.0,-0.0012419798017190287,-0.0012419798017190287,18.352939024190693,84.25040803236247,-32.1292,-37.5168
2017-06-30,118.0199966430664,118.18500061035157,1.0,-0.02155534773928125,-0.02155534773928125,17.957335041486434,82.43436119004855,-33.5922,-38.8636
2017-07-31,120.75,117.69600067138671,0.0,0.02313170169958645,0.0003281566934232316,18.372718758985627,82.46141257744111,-32.056,-38.8436
2017-08-31,125.81999969482422,118.08400039672851,1.0,0.04198757511241591,0.04198757511241591,19.144144667897827,85.92376733191237,-29.2032,-36.2757
2017-09-30,121.58000183105467,119.06700057983399,1.0,-0.03369891808976033,-0.03369891808976033,18.49900770483582,83.02822933463064,-31.589,-38.4232
2017-10-31,120.66999816894533,120.17300033569336,1.0,-0.007484813689786485,-0.007484813689786485,18.360546078719196,82.40677850706808,-32.1011,-38.8841
2017-11-30,121.0999984741211,120.72799987792969,1.0,0.003563440057185785,0.003563440057185785,18.425972784087907,82.7004301225838,-31.8591,-38.6663
2017-12-31,123.6500015258789,121.16999969482421,1.0,0.021057003170010358,0.021057003170010358,18.813968551412973,84.44185334183628,-30.4243,-37.3748
2018-01-31,127.6500015258789,122.0629997253418,1.0,0.03234937283169237,0.03234937283169237,19.42258863452637,87.17349433819041,-28.1735,-35.3489
2018-02-28,125.0,122.48600006103516,1.0,-0.020759902030566435,-0.020759902030566435,19.019377597293612,85.3637811360674,-29.6646,-36.691
2018-03-31,125.79000091552734,123.00299987792968,1.0,0.006320007324218668,0.006320007324218668,19.139580203010585,85.90328085807035,-29.2201,-36.2909
2018-04-30,124.58999633789062,123.65999984741211,1.0,-0.009539745360543916,-0.009539745360543916,18.956993481566155,85.08378543304906,-29.8953,-36.8987
2018-05-31,123.0999984741211,123.89499969482422,1.0,-0.011959209467577336,-0.011959209467577336,18.730282825644608,84.06625062076083,-30.7337,-37.6533
2018-06-30,118.6500015258789,123.1779998779297,0.0,-0.03614944763120931,0.0014870509607352034,18.053193447521227,84.1912614195118,-33.2377,-37.5606
2018-07-31,115.98999786376952,122.61899948120117,0.0,-0.022418909632539785,0.0013890400025302618,17.64846053504249,84.308206449487,-34.7344,-37.4739
2018-08-31,113.51000213623048,121.90299987792969,0.0,-0.021381117106768044,0.0015854036968698804,17.271116733588574,84.44186899166851,-36.1299,-37.3748
2018-09-30,112.76000213623048,121.06900024414062,0.0,-0.006607347245927042,0.0013997148116788871,17.15700046800481,84.56006352642203,-36.5519,-37.2871
2018-10-31,115.1500015258789,120.21900024414063,0.0,0.02119545356837582,0.001706027450726566,17.520650874797006,84.70432531603332,-35.2071,-37.1801
2018-11-30,115.54000091552734,119.00800018310547,0.0,0.003386881324189961,0.0018588759904272223,17.579991240032502,84.8617801526486,-34.9876,-37.0634
2018-12-31,121.25,118.63300018310547,0.0,0.04942010593064916,0.001827705245439848,18.448796269374796,85.01688247337096,-31.7747,-36.9483
2019-01-31,124.75,118.52900009155273,1.0,0.028865979381443196,0.028865979381443196,18.981338842099017,87.47097804992187,-29.8053,-35.1283
2019-02-28,123.98999786376952,118.46900024414063,1.0,-0.006092201492829519,-0.006092201492829519,18.865700701269276,86.93808722686691,-30.233,-35.5235
2019-03-31,122.01000213623048,118.36000061035156,1.0,-0.01596899557748599,-0.01596899557748599,18.564434410204534,85.549773296426,-31.3471,-36.5531
2019-04-30,121.1999969482422,118.6150001525879,1.0,-0.006638842503124187,-0.006638842503124187,18.441188053995607,84.98182182533307,-31.8028,-36.9743
2019-05-31,123.33000183105467,119.3490005493164,1.0,0.0175742981554865,0.0175742981554865,18.76527899119792,86.47531769988794,-30.6043,-35.8667
2019-06-30,133.1999969482422,121.31800003051758,1.0,0.08002914919848991,0.08002914919848991,20.267048303335788,93.39586380207913,-25.0506,-30.7342
2019-07-31,133.2100067138672,123.36300048828124,1.0,7.514839229982861e-05,7.514839229982861e-05,20.268571339432444,93.40288235109135,-25.045,-30.729
2019-08-31,143.75,126.22300033569336,1.0,0.0791231345612986,0.0791231345612986,21.872284236887637,100.79321117976988,-19.1143,-25.248
2019-09-30,138.8699951171875,128.55599975585938,1.0,-0.0339478600543478,-0.0339478600543478,21.129766992544862,97.37149735221075,-21.8602,-27.7857
2019-10-31,142.42999267578125,130.6739990234375,1.0,0.02563546974700759,0.02563546974700759,21.671438495043567,99.86766142680419,-19.8571,-25.9344
2019-11-30,137.86000061035156,131.98499908447266,1.0,-0.03208588289288572,-0.03208588289288572,20.97609125737122,96.66331933747742,-22.4285,-28.3109
2019-12-31,142.89999389648438,133.87599868774413,1.0,0.03655877893383952,0.03655877893383952,21.742951540545498,100.19721226014738,-19.5926,-25.69
2020-01-31,149.3300018310547,136.60799865722657,1.0,0.04499655849690343,0.04499655849690343,22.72130953143499,104.70574198283772,-15.9746,-22.3463
2020-02-29,148.3800048828125,139.32599945068358,1.0,-0.006361728631845698,-0.006361728631845698,22.57676272603583,104.0396324661469,-16.5091,-22.8403
2020-03-31,148.0500030517578,141.7979995727539,1.0,-0.002224031676743232,-0.002224031676743232,22.52655129057481,103.80824502790546,-16.6948,-23.0119
2020-04-30,158.8000030517578,144.35800018310547,1.0,0.07261060302877431,0.07261060302877431,24.16221776394206,111.34582429874042,-10.646,-17.4218
2020-05-31,162.91000366210938,147.3279998779297,1.0,0.02588161543682088,0.02588161543682088,24.78757499220913,114.22763410373625,-8.3333,-15.2845
2020-06-30,167.3699951171875,149.68999938964845,1.0,0.02737702630176453,0.02737702630176453,25.4661850847278,117.35484704698253,-5.8238,-12.9653
2020-07-31,185.42999267578125,154.34599914550782,1.0,0.10790463097013703,0.10790463097013703,28.214104388512563,130.01797851014405,0.0,-3.5738
2020-08-31,184.8300018310547,158.58600006103515,1.0,-0.0032356731296194763,-0.0032356731296194763,28.122812769066375,129.59728283071126,-0.3236,-3.8858
2020-09-30,177.1199951171875,162.51199951171876,1.0,-0.0417140433776253,-0.0417140433776253,26.949696537316704,124.19125615308862,-4.4815,-7.8951
2020-10-31,176.1999969482422,165.84199981689454,1.0,-0.0051942084141127776,-0.0051942084141127776,26.80971419680479,123.54618088541896,-4.9776,-8.3736
2020-11-30,166.6699981689453,167.57599945068358,1.0,-0.05408625961608993,-0.05408625961608993,25.359677034523234,116.86403007147382,-10.117,-13.3293
2020-12-31,178.36000061035156,170.5739990234375,0.0,0.07013861264675048,3.2851361639441023e-05,27.138369598894357,116.8678692139883,-3.8128,-13.3264
2021-01-31,172.61000061035156,173.02999877929688,1.0,-0.03223816988295236,-0.03223816988295236,26.263478229418855,113.10026299240909,-6.9137,-16.1206
2021-02-28,161.80999755859375,173.33099822998048,0.0,-0.06256881416817583,-0.00010894024395091684,24.62020354067241,113.08794182216778,-12.738,-16.1298
2021-03-31,159.9600067138672,173.03599853515624,0.0,-0.011433105943016053,-0.00010994168736444543,24.338718145253285,113.07550874302328,-13.7356,-16.139
2021-04-30,165.66000366210938,172.86499938964843,0.0,0.035633887903232075,0.0,25.206001299349598,113.07550874302328,-10.6617,-16.139
2021-05-31,178.3800048828125,172.16000061035157,0.0,0.07678377966625938,-0.00010896409291694109,27.141413349386305,113.06318757278201,-3.802,-16.1481
2021-06-30,165.6300048828125,170.24000091552733,1.0,-0.07147662098325525,-0.07147662098325525,25.201436834462356,104.98181296748358,-10.6779,-22.1416
2021-07-31,169.82000732421875,169.51000213623047,0.0,0.025297363508325565,-0.00010969278298711416,25.83896674299585,104.97029722025613,-8.4183,-22.1501
2021-08-31,169.69000244140625,168.85900268554687,1.0,-0.0007655451490135023,-0.0007655451490135023,25.81918584735023,104.88993771842865,-8.4884,-22.2097
2021-09-30,164.22000122070312,168.61400299072267,1.0,-0.03223525924924131,-0.03223525924924131,24.986897697956547,101.50878338343833,-11.4383,-24.7173
2021-10-31,166.64999389648438,167.44300231933593,0.0,0.014797178527087285,-0.00010930877054371457,25.356633284031282,101.49768758312727,-10.1278,-24.7255
2021-11-30,165.5,166.73200225830078,0.0,-0.006900653696985448,-0.00021824535094827624,25.18165593881673,101.4755361846803,-10.748,-24.742
2021-12-31,170.9600067138672,167.64700317382812,0.0,0.032990977123064535,0.0,26.012423373815118,101.4755361846803,-7.8035,-24.742
2022-01-31,168.08999633789062,168.46000213623046,1.0,-0.016787612677039987,-0.016787612677039987,25.57573688542433,99.77200418701692,-9.3512,-26.0054
2022-02-28,178.3800048828125,169.73200225830078,0.0,0.061217257237826006,-0.00021868916840872554,27.141413349386305,99.75018513039083,-3.802,-26.0216
2022-03-31,180.6499938964844,169.95900115966796,1.0,0.012725579950304322,0.012725579950304322,27.48680357492817,101.0195640863253,-2.5778,-25.0801
2022-04-30,176.91000366210938,171.08700103759764,1.0,-0.020702963524693585,-0.020702963524693585,26.91774528310602,98.92815973576563,-4.5947,-26.6312
2022-05-31,171.13999938964844,171.21900024414063,1.0,-0.03261547766106776,-0.03261547766106776,26.03981016313856,95.70157055185325,-7.7064,-29.0242
2022-06-30,168.4600067138672,171.09600067138672,0.0,-0.01565965107712486,0.0007766435514973136,25.632035821869238,95.77589655949049,-9.1517,-28.969
2022-07-31,164.10000610351562,171.08400115966796,0.0,-0.0258815174913124,0.00036066856833771865,24.968639838407586,95.81043991498386,-11.503,-28.9434
2022-08-31,159.27000427246094,170.34600219726562,0.0,-0.02943328245830701,0.0019376721235284666,24.233730809444,95.99608913355009,-14.1077,-28.8057
2022-09-30,154.6699981689453,169.26300201416015,0.0,-0.028881810636775418,0.0020669654158580464,23.533816785183053,96.19450972984674,-16.5885,-28.6586
2022-10-31,151.91000366210938,167.35800170898438,0.0,-0.017844407703562548,0.0015861028083001827,23.1138697636473,96.3470841118723,-18.0769,-28.5454
2022-11-30,164.80999755859375,167.03000183105468,0.0,0.0849186596373046,0.0031510551570355094,25.07666860300745,96.65067908812831,-11.1201,-28.3203
2022-12-31,169.63999938964844,166.15600128173827,0.0,0.02930648566594085,0.0036260936802787747,25.81157763197104,97.00114350476444,-8.5153,-28.0603
2023-01-31,179.41000366210938,166.0320022583008,1.0,0.05759257431981046,0.05759257431981046,27.29813283505189,102.58768907116915,-3.2465,-23.9172
2023-02-28,169.77999877929688,165.31900177001953,1.0,-0.05367596391642193,-0.05367596391642193,25.832879242011956,97.081195974316,-8.4398,-28.001
2023-03-31,183.22000122070312,166.527001953125,1.0,0.07916128247166143,0.07916128247166143,27.87784309274518,104.76626795152555,-1.1918,-22.3014
2023-04-30,184.8000030517578,168.16100158691407,1.0,0.008623522653246951,0.008623522653246951,28.118248304179133,105.66972223650163,-0.3397,-21.6314
2023-05-31,182.32000732421875,169.98300170898438,1.0,-0.013419890078922081,-0.013419890078922081,27.740904502725215,104.25164617941756,-1.6772,-22.6831
2023-06-30,178.27000427246094,171.88300170898438,1.0,-0.02221370606110007,-0.02221370606110007,27.124676204232628,101.93583075480215,-3.8613,-24.4006
2023-07-31,182.3500061035156,174.6510025024414,1.0,0.022886642358626696,0.022886642358626696,27.74546896761245,104.26879965681687,-1.661,-22.6704
2023-08-31,180.02000427246094,177.46200256347657,1.0,-0.012777635059315395,-0.012777635059315395,27.390947490594737,102.93649098672923,-2.9175,-23.6585
2023-09-30,171.4499969482422,178.1260025024414,1.0,-0.047605861131121974,-0.047605861131121974,26.086977848107633,98.03611069148997,-7.5392,-27.2928
2023-10-31,184.08999633789065,179.5710021972656,0.0,0.07372411557093383,0.004309597663371134,28.010217217877905,98.45860688505202,-0.7226,-26.9794
2023-11-30,188.75,180.5050018310547,1.0,0.02531372564947021,0.02531372564947021,28.71926017191334,100.95096104756928,0.0,-25.131
2023-12-31,191.1699981689453,182.64400177001954,1.0,0.012821182352028115,0.012821182352028115,29.087475043592775,102.24527172777265,0.0,-24.1711
2024-01-31,188.4499969482422,183.16700134277343,1.0,-0.014228180398366375,-0.014228180398366375,28.673613201339563,100.79050755674989,-1.4228,-25.25
2024-02-29,189.30999755859375,183.61800079345704,1.0,0.004563548019519192,0.004563548019519192,28.804466612076997,101.25046987789683,-0.973,-24.9089
2024-03-31,205.72000122070312,185.95800018310547,1.0,0.08668323846462611,0.08668323846462611,31.301331060258036,110.02718850297798,0.0,-18.3997
2024-04-30,211.8699951171875,189.31799926757813,1.0,0.02989497307015121,0.02989497307015121,32.23708350936434,113.31644834025896,0.0,-15.9603
2024-05-31,215.3000030517578,192.61299896240234,1.0,0.016189210429127243,0.016189210429127243,32.7589764379188,115.15095216752071,0.0,-14.5998
2024-06-30,215.0099945068359,196.11199798583985,1.0,-0.0013469974027459086,-0.0013469974027459086,32.714850181740296,114.99584413402732,-0.1347,-14.7148
2024-07-31,226.5500030517578,201.62199859619142,1.0,0.053671963349382734,0.053671963349382734,34.47072042167521,121.16789686572012,0.0,-10.1374
2024-08-31,231.2899932861328,206.3419982910156,1.0,0.02092249026936499,0.02092249026936499,35.191933734275715,123.70303100885252,0.0,-8.2572
2024-09-30,243.05999755859375,211.772998046875,1.0,0.050888514912532656,0.050888514912532656,36.982798978913266,129.99809454707196,0.0,-3.5886
2024-10-31,253.5099945068359,218.00699768066406,1.0,0.04299348742370901,0.04299348742370901,38.57281848170674,135.58716599008764,0.0,0.0
2024-11-30,245.58999633789065,223.72099761962892,1.0,-0.0312413646032077,-0.0312413646032077,37.3677509957464,131.3512379018757,-3.1241,-3.1241
2024-12-31,242.1300048828125,229.00299835205078,1.0,-0.014088486936242206,-0.014088486936242206,36.841295924006076,129.50069770263585,-4.489,-4.489
2025-01-31,258.55999755859375,234.28699798583983,1.0,0.06785607873643396,0.06785607873643396,39.3412018009777,138.28810724236905,0.0,0.0
2025-02-28,263.2699890136719,239.42699737548827,1.0,0.018216241876358952,0.018216241876358952,40.057850648690966,140.80719685251992,0.0,0.0
2025-03-31,288.1400146484375,246.71099853515625,1.0,0.09446585889998316,0.09446585889998316,43.841949915906795,154.1086696424922,0.0,0.0
2025-04-30,303.7699890136719,255.58699798583984,1.0,0.05424437277239913,0.05424437277239913,46.2201289902141,162.46819776603806,0.0,0.0
2025-05-31,303.6000061035156,263.2919982910156,1.0,-0.0005595776946504261,-0.0005595776946504261,46.194265236987306,162.37728418647814,-0.056,-0.056
2025-06-30,304.8299865722656,270.64599761962893,1.0,0.004051318985581975,0.004051318985581975,46.381412940766936,163.0351263607301,0.0,0.0
2025-07-31,302.9599914550781,276.63599700927733,1.0,-0.0061345510598058706,-0.0061345510598058706,46.09688379485586,162.03497905352822,-0.6135,-0.6135
2025-08-31,318.07000732421875,283.0919982910156,1.0,0.049874624687468394,0.049874624687468394,48.39594857338613,170.1164128200647,0.0,0.0
2025-09-30,355.4700012207031,294.0799987792969,1.0,0.11758415768627128,0.11758415768627128,54.086545421815856,190.11940793012198,0.0,0.0
2025-10-31,368.1199951171875,306.6789978027344,1.0,0.035586670754335525,0.035586670754335525,56.011305505981426,196.88512470414042,0.0,0.0
2025-11-30,387.8800048828125,319.6109985351562,1.0,0.05367817567023114,0.05367817567023114,59.017890202450495,207.45355901486468,0.0,0.0
2025-12-31,396.30999755859375,332.9149993896484,1.0,0.02173350667644791,0.02173350667644791,60.300555913195325,211.96225232476712,0.0,0.0
2026-01-31,444.9500122070313,348.5959991455078,1.0,0.12273224230545998,0.12273224230545998,67.70137835268756,237.97685483670153,0.0,0.0
2026-02-28,483.75,366.5940002441406,1.0,0.08720077925273872,0.08720077925273872,73.60499130152641,258.72862202257784,0.0,0.0
2026-03-31,430.2900085449219,379.26300048828125,1.0,-0.11051161024305556,-0.11051161024305556,65.47078519086861,230.13610538689576,-11.0512,-11.0512
2026-04-30,423.6600036621094,391.1460021972656,1.0,-0.015408224107347213,-0.015408224107347213,64.46199666016369,226.5901166999023,-12.4217,-12.4217
2026-05-31,417.1199951171875,402.56200256347654,1.0,-0.015436926989543909,-0.015436926989543909,63.46690152412053,223.09226161185373,-13.7736,-13.7736
2026-06-30,368.3800048828125,407.59300231933594,1.0,-0.11684884638695336,-0.11684884638695336,56.05086729727268,197.02418820465223,-23.8491,-23.8491
